stars,forks,commits,name
00002,00000,0000000,"bd452/ByPass"
00002,00000,0000000,"Orbiter/git2feed"
00002,00000,0000000,"dmiller/clojure-clr-blog"
00002,00000,0000000,"shama/voxel-infinite"
00002,00000,0000000,"Planeshifter/name-age-predictor"
00002,00000,0000000,"darrinholst/feeder-webos"
00002,00000,0000000,"livepanzo/angular.js"
00002,00000,0000000,"eliotsykes/ruby-data-structures"
00002,00000,0000000,"kmiron/UDKGames"
00002,00000,0000000,"supertopher/postgres-yosemite-fix"
00002,00000,0000000,"khawkins98/handlebars"
00002,00000,0000000,"huashizhenhua/aapt-packageId-option"
00002,00000,0000000,"RitwikGupta/Crowdfree-Backend"
00002,00000,0000000,"fogbeam/Heceta"
00002,00000,0000000,"codemac/ministat"
00002,00000,0000000,"mikebevz/UPnPBrowser"
00002,00000,0000000,"DroidDemos/ScrollerDemos"
00002,00000,0000000,"achimr/m4loc"
00002,00000,0000000,"nitrous-io/dockerenv-inject"
00002,00000,0000000,"gohttp/pprof"
00002,00000,0000000,"knupfer/org-panes"
00002,00000,0000000,"caco3/pebble-simplef"
00002,00000,0000000,"solso/raw2swagger"
00002,00000,0000000,"ScottPetit/TrelloKit"
00002,00000,0000000,"howlowck/words-to-num"
00002,00000,0000000,"rayidi/smpp-client-php"
00002,00000,0000000,"sth0r/mbc5-clone"
00002,00000,0000000,"jimrutherford/MinecraftHue"
00002,00000,0000000,"micahflee/qtwebkit-gui-skeleton"
00002,00000,0000000,"mohabusama/pyguacamole"
00002,00000,0000000,"vlkosinov/validate-it"
00002,00000,0000000,"lo-ise/leafarctica"
00002,00000,0000000,"loarabia/ManagedMediaHelpers"
00002,00000,0000000,"nikeiubel/data-smells"
00002,00000,0000000,"Zemke/ntm"
00002,00000,0000000,"RossCode/SkypeLight"
00002,00000,0000000,"bravely/maaku"
00002,00000,0000000,"anler/minimal-theme"
00002,00000,0000000,"amk-boCO/aggcat"
00002,00000,0000000,"delguoqing/osu2tja"
00002,00000,0000000,"ebscohostericlopez/glowing-octo-robot"
00002,00000,0000000,"alanshi/falcon"
00002,00000,0000000,"marosi/webrtc_facade"
00002,00000,0000000,"hholzgra/mariadb_charsets_collations"
00002,00000,0000000,"brentd/gitploy"
00002,00000,0000000,"benwoody/brewerydb2"
00002,00000,0000000,"alexgarbarev/UIView-NestedXib"
00002,00000,0000000,"codeforeurope/art-explorer-demo"
00002,00000,0000000,"nightlabs/org.nightlabs.jfire.dev"
00002,00000,0000000,"rvelhote/GSoC-SWAT"
00002,00000,0000000,"nvbn/robocam"
00002,00000,0000000,"cloudfour/image-breakpoints"
00002,00000,0000000,"takekawa/canvas-puyo"
00002,00000,0000000,"rkrug/grassRLink"
00002,00000,0000000,"dimsmol/nerr"
00002,00000,0000000,"liuweicode/PageCurlWidget"
00002,00000,0000000,"baskerville/xlsw"
00002,00000,0000000,"bliker/mapsnap"
00002,00000,0000000,"khawley/carousel"
00002,00000,0000000,"SentiyWhen/NSLogLocale"
00002,00000,0000000,"HankChung/mean"
00002,00000,0000000,"bigjohnson/Tcpnfclockduino"
00002,00000,0000000,"m4h4n/ohSnap"
00002,00000,0000000,"Hector-Ab/PeXploit"
00002,00000,0000000,"Cameri/Itg3200"
00002,00000,0000000,"letanloc/material-design-icons"
00002,00000,0000000,"bryangarza/envee"
00002,00000,0000000,"VictoriaBrown/Wages"
00002,00000,0000000,"pvillega/scala_enum_json"
00002,00000,0000000,"golang-samples/cgo"
00002,00000,0000000,"urwithajit9/malware_s3_upload"
00002,00000,0000000,"pony-maggie/SegmentedControl"
00002,00000,0000000,"jensarps/css-shader"
00002,00000,0000000,"briandorsey/http_tutorial"
00002,00000,0000000,"FanfouAPI/node-fanfou"
00002,00000,0000000,"markmcconachie/known_hosts"
00002,00000,0000000,"qurandev/qurandev"
00002,00000,0000000,"olympum/oarsman"
00002,00000,0000000,"shengzhao91/FirmataGUI"
00002,00000,0000000,"ricardojppb/puppet"
00002,00000,0000000,"pbougie/initium"
00002,00000,0000000,"JohnSully/Trinity"
00002,00000,0000000,"scijs/iota-array"
00002,00000,0000000,"irwenqiang/liblinear"
00002,00000,0000000,"malikov/passport-parse"
00002,00000,0000000,"hackpron/handson-CIC3"
00002,00000,0000000,"sethvargo/logify"
00002,00000,0000000,"Skyrpex/RichText"
00002,00000,0000000,"wglass/tommyh-theme"
00002,00000,0000000,"JonasRudolph/responsive-app"
00002,00000,0000000,"mitechie/leankit"
00002,00000,0000000,"plamere/WhereIsTheDrama"
00002,00000,0000000,"elderamevans/familysearch-python-sample-apps"
00002,00000,0000000,"sq/NDexer"
00002,00000,0000000,"mojombo/octobeer"
00002,00000,0000000,"pulkit110/ImageEditor"
00002,00000,0000000,"anoved/Calibre-Recipe-for-Strange-Horizons"
00002,00000,0000000,"eazarkman/aes"
00002,00000,0000000,"qingfeng/rrdtool_server"
00002,00000,0000000,"Kevenyf/cookie.js"
00002,00000,0000000,"echojc/osu-ds"
00002,00000,0000000,"rpetrich/RPSpawnTask"
00002,00000,0000000,"a-nikolaev/horddays"
00002,00000,0000000,"coderFrankenstain/WJSegementContrl"
00002,00000,0000000,"marco-reis/Firmware"
00002,00000,0000000,"kuna/Rhythmus"
00002,00000,0000000,"warp1337/opencv_cam_calibration"
00002,00000,0000000,"glombard/Scripts"
00002,00000,0000000,"kefranck/dashboard"
00002,00000,0000000,"mauryaa/lumos"
00002,00000,0000000,"rahular/chess-misc"
00002,00000,0000000,"SteelSeries/picobit"
00002,00000,0000000,"jenkinsci/rubymetrics-plugin"
00002,00000,0000000,"ly-android/communicationFramework"
00002,00000,0000000,"renlinx007/flask-session"
00002,00000,0000000,"lPinchol/README-template"
00002,00000,0000000,"tzikis/astyle.js"
00002,00000,0000000,"GKuChan/Node-Talk"
00002,00000,0000000,"jiin/lisa"
00002,00000,0000000,"MrMysteri0us/DBManager"
00002,00000,0000000,"edankwan/Exec-Parser-Sublime-Plugin"
00002,00000,0000000,"JPMoresmau/HJVM"
00002,00000,0000000,"jonschlinkert/normalize-keywords"
00002,00000,0000000,"stackd/daemon-py"
00002,00000,0000000,"MaLiangOrganization/PhoneEmail"
00002,00000,0000000,"gbrlrz017/rshell"
00002,00000,0000000,"1715497152qq/dong"
00002,00000,0000000,"keenlabs/Learn"
00002,00000,0000000,"runcat/cat"
00002,00000,0000000,"zieckey/mcx"
00002,00000,0000000,"rubenroques/MorphSpinner"
00002,00000,0000000,"appfour/ijkplayer"
00002,00000,0000000,"dutchcoders/northpole"
00002,00000,0000000,"pihvi/dns-info"
00002,00000,0000000,"odbol/Kinectifier-Quartz-Composer-Plugin-for-Resolume-Avenue"
00002,00000,0000000,"memo/of-Slitscan3D"
00002,00000,0000000,"atd/HandyNotes"
00002,00000,0000000,"xkh568628348/hello-world"
00002,00000,0000000,"hcit/pyqt"
00002,00000,0000000,"AlrclyGit/PCGestureUnlock"
00002,00000,0000000,"NearbyFYI/text-extractor"
00002,00000,0000000,"chartbeat/oauth_provider"
00002,00000,0000000,"leaphly/cart"
00002,00000,0000000,"wrjqss/StickerCamera"
00002,00000,0000000,"rcarnerorojo/Diccionario"
00002,00000,0000000,"asolove/carto-crayon"
00002,00000,0000000,"elazarl/hadoophelpers"
00002,00000,0000000,"mihaelamj/uicolor-copic"
00002,00000,0000000,"jameswritescode/namecheap-ruby"
00002,00000,0000000,"linkorb/bus"
00002,00000,0000000,"dynamic/foxystripe-cacheable-templates"
00002,00000,0000000,"mikesoniat/MotionClock"
00002,00000,0000000,"keltia/calife"
00002,00000,0000000,"lwwmanning/vdpglm"
00002,00000,0000000,"oko/puppet-mail-server"
00002,00000,0000000,"bluekingsong/lda-varational"
00002,00000,0000000,"sriddell/docker-ejabberd"
00002,00000,0000000,"jsonpeter/atom-mocha-test-runner"
00002,00000,0000000,"usnistgov/guilogger"
00002,00000,0000000,"aterreno/docker-clojure-hello-world"
00002,00000,0000000,"diafygi/emailpk"
00002,00000,0000000,"monsterboxpro/monster-templates"
00002,00000,0000000,"tianhsky/driver_license_decoder"
00002,00000,0000000,"hello2009chen/myssh"
00002,00000,0000000,"Shopify/shopify-snap"
00002,00000,0000000,"stephen-bartell/node-spawn"
00002,00000,0000000,"jackkinsella/Style-Scanner"
00002,00000,0000000,"artem-sidorenko/vagrant-environments"
00002,00000,0000000,"bobthecow/CodaDocblock"
00002,00000,0000000,"TradeWeapon/openh264"
00002,00000,0000000,"Manishsaini74/android-tools"
00002,00000,0000000,"DeviantDev-Dev/LibPD-with-Android-Studio"
00002,00000,0000000,"Leventhan/ModCrasher"
00002,00000,0000000,"hired/rollout_control"
00002,00000,0000000,"nullie/ardrone-kernel"
00002,00000,0000000,"bolinfest/typescript"
00002,00000,0000000,"tanthoidaivn/vinhomesriverside"
00002,00000,0000000,"thomaspatzke/Demo-ClientsideWebAttacks"
00002,00000,0000000,"lessandro/mines"
00002,00000,0000000,"gdonscoi/awesome-android"
00002,00000,0000000,"SpencerAlanWatson/LoLScenarioCreator"
00002,00000,0000000,"kmanalo/hdf5-tutorial"
00002,00000,0000000,"kevinxyz/cr"
00002,00000,0000000,"elwafdy/prayer-times"
00002,00000,0000000,"choptastic/watchmecode"
00002,00000,0000000,"Rami93/MuseeBCT"
00002,00000,0000000,"jamesmontalvo3/CrossReference"
00002,00000,0000000,"gloomybrain/yap"
00002,00000,0000000,"dsposito/dsposito.github.com"
00002,00000,0000000,"anishmm/jquery-ui-tabs-drop-down"
00002,00000,0000000,"tomihristov5/Intro-Programming-Homework"
00002,00000,0000000,"gdugas/golab"
00002,00000,0000000,"Taiiwo/BitcoinBot"
00002,00000,0000000,"tfogal/dissertation"
00002,00000,0000000,"CodeFromJordan/iFindAJob"
00002,00000,0000000,"dasmoth/batman"
00002,00000,0000000,"gleicon/py_descriptive_statistics"
00002,00000,0000000,"fkraeutli/Coding-da-Vinci-Workshop"
00002,00000,0000000,"travis-ci-tester/travis-test-clang-cxx-11"
00002,00000,0000000,"madmimi/madmimi-python"
00002,00000,0000000,"mpreisinger/airsonos"
00002,00000,0000000,"mosesn/Machine-Translation"
00002,00000,0000000,"icepy/STNetWork"
00002,00000,0000000,"tinku281/MSPS"
00002,00000,0000000,"MapQuest/learning-javascript-tdd"
00002,00000,0000000,"CommitSRL/CommitUniversity"
00002,00000,0000000,"OrangeYoung/The-Swift-2.0-Programming-Language-playground"
00002,00000,0000000,"projectbismark/bismark-packages"
00002,00000,0000000,"romainfrancez/askr"
00002,00000,0000000,"EpicMorg/EMTG"
00002,00000,0000000,"breerly/samantha"
00002,00000,0000000,"kennethreitz-archive/mead"
00002,00000,0000000,"jsguy/chart.gauge"
00002,00000,0000000,"G33kLabs/Node.VaSH"
00002,00000,0000000,"tylerlong/everblog"
00002,00000,0000000,"cotag/angular-safeapply"
00002,00000,0000000,"martinp/flask-swagger"
00002,00000,0000000,"ryanmcgrath/pythentic_jobs"
00002,00000,0000000,"pezhik/VulnMan"
00002,00000,0000000,"gaspanik/SketchSlideHD"
00002,00000,0000000,"qiaocuixinzhiweini/csslint"
00002,00000,0000000,"elvin-du/myblog"
00002,00000,0000000,"okiess/aws-lambda-web-hook"
00002,00000,0000000,"samdmarshall/lldbscript"
00002,00000,0000000,"user-faghloumi/jeffaghloumi"
00002,00000,0000000,"brunophilipe/HomeBoxer"
00002,00000,0000000,"Lukasa/http2-explained"
00002,00000,0000000,"senecajs/seneca-entity-save-stream"
00002,00000,0000000,"bernd/dcell-hazelcast"
00002,00000,0000000,"bjrke/euler.in.scala"
00002,00000,0000000,"drumildeshpande/snake-c"
00002,00000,0000000,"varner/favicon_poetry"
00002,00000,0000000,"zlizhe/flashavatar"
00002,00000,0000000,"jergason/flipjs"
00002,00000,0000000,"shriphani/frog"
00002,00000,0000000,"arscan/encom-screensaver"
00002,00000,0000000,"silviuvoicu/myownversionof-hexagonal-symfony"
00002,00000,0000000,"Stefander/JSONQuery"
00002,00000,0000000,"darko-poljak/django-anonsurvey"
00002,00000,0000000,"jmeas/fade-dropdown-menu"
00002,00000,0000000,"cv/asp-parser"
00002,00000,0000000,"DevriX/dx-easy-page-builder"
00002,00000,0000000,"apassant/long-tail"
00002,00000,0000000,"retronym/annotation-processor"
00002,00000,0000000,"GMMTeam/GMM"
00002,00000,0000000,"klutzy/win32.js"
00002,00000,0000000,"mcavage/node-bdb"
00002,00000,0000000,"PauloV/MikeOS-Projects"
00002,00000,0000000,"exygen/website"
00002,00000,0000000,"staceysern/framework"
00002,00000,0000000,"sarahhtn/Kitchit2015"
00002,00000,0000000,"aBothe/Mono.TextEditor.XWT"
00002,00000,0000000,"ahtik/eclipse-wordwrap"
00002,00000,0000000,"ancientsheep/ashaxeextensions"
00002,00000,0000000,"martin-denizet/redmine_alerts"
00002,00000,0000000,"explodes/node-linkshare"
00002,00000,0000000,"jbsimorg/crispor"
00002,00000,0000000,"cebe/yii2-debug-profiler"
00002,00000,0000000,"ijse/Log4Jse"
00002,00000,0000000,"JO3RI/ARGlib"
00002,00000,0000000,"bkiers/PGN-parser"
00002,00000,0000000,"li391280140/05.-"
00002,00000,0000000,"gettogetto/vczh_toys"
00002,00000,0000000,"sayanee/timeline-css"
00002,00000,0000000,"mmknms/gtalksms"
00002,00000,0000000,"brianferguson/HotKey.dll"
00002,00000,0000000,"kportertx/ArchTPw520"
00002,00000,0000000,"pavanred/NLP_Automatic_Grader"
00002,00000,0000000,"waynegraham/rZotero"
00002,00000,0000000,"mbleigh/cors-talk-example"
00002,00000,0000000,"AdiletToigonbaev/opencbs"
00002,00000,0000000,"robzon/p2pframework"
00002,00000,0000000,"mrmekon/libsimplepgp"
00002,00000,0000000,"stackgl/glsl-frobenius"
00002,00000,0000000,"nadavbar/node-windows-tts"
00002,00000,0000000,"commercehub-oss/dropwizard-camel"
00002,00000,0000000,"rwaldron/grunt-compare-size"
00002,00000,0000000,"ddprrt/griddler"
00002,00000,0000000,"evilGoldfish/Icon-Resizer"
00002,00000,0000000,"nemtsov/requirejs-jquery-backbone-bootstrap-tpl"
00002,00000,0000000,"voduytuan/DosDetector"
00002,00000,0000000,"shihabmi7/ExpandableLayout"
00002,00000,0000000,"maimaizhou/VideoCatcher"
00002,00000,0000000,"KevinJi/android-dev-com"
00002,00000,0000000,"hnscbj/gitskills1"
00002,00000,0000000,"beausievers/fmri_go"
00002,00000,0000000,"defunkt/defunkt.github.com"
00002,00000,0000000,"MrHacky/gridx"
00002,00000,0000000,"sdfcbs91/fourboxsResizeDrag"
00002,00000,0000000,"radiospiel/rubpubsub"
00002,00000,0000000,"jkdubr/Proj4"
00002,00000,0000000,"arnabmunshi/dgrid"
00002,00000,0000000,"ecomfe/es6-code-style"
00002,00000,0000000,"DualSpark/ansible-role"
00002,00000,0000000,"marvelpress/codesamples"
00002,00000,0000000,"jaspervdj/planet-wars-haskell"
00002,00000,0000000,"adg/sched"
00002,00000,0000000,"MarcelVe/jsgrid"
00002,00000,0000000,"hoangdov/HowManyFingers"
00002,00000,0000000,"jonathanhammond/contacts-app"
00002,00000,0000000,"zaynetro/pingme"
00002,00000,0000000,"VonRosenchild/ServiceStack"
00002,00000,0000000,"mafanhe/NETCTAAA"
00002,00000,0000000,"ngprnk/railsinvoice3"
00002,00000,0000000,"derchan/DeltaThrottle"
00002,00000,0000000,"cbmono/laravel-log2browser"
00002,00000,0000000,"kristerkari/karma-bdd-using"
00002,00000,0000000,"andrewhodel/MW23"
00002,00000,0000000,"excellenteasy/bradypodion"
00002,00000,0000000,"youse/YHandler"
00002,00000,0000000,"pfjhetg/gittest"
00002,00000,0000000,"tuxotron/DHT22"
00002,00000,0000000,"appwilldev/lua-resty-ssdb"
00002,00000,0000000,"spectator/linked-list"
00002,00000,0000000,"npm-dom/fragment"
00002,00000,0000000,"Vijay2win/flume-cassandra-sink"
00002,00000,0000000,"thealexgraham/fmod-verb"
00002,00000,0000000,"PressLabs/lithium"
00002,00000,0000000,"daugee/his"
00002,00000,0000000,"larrytin/drive-android"
00002,00000,0000000,"scalabl3/php-laravel-couchbase"
00002,00000,0000000,"gillstrom/is-doc"
00002,00000,0000000,"LightmakerCanada/gulp-elasticbeanstalk"
00002,00000,0000000,"maugsburger/eeruler"
00002,00000,0000000,"jcoc611/cassandraMAP"
00002,00000,0000000,"slaff/esp-hello-world"
00002,00000,0000000,"rbyte/F-GPLOM"
00002,00000,0000000,"jillesvangurp/geotools-js"
00002,00000,0000000,"NiuYuanpeng/NewProject"
00002,00000,0000000,"mbeketova/LessonOne"
00002,00000,0000000,"niquola/cLean-Architecture"
00002,00000,0000000,"JasonGiedymin/express-messages-bootstrap"
00002,00000,0000000,"zhangkaihongzkh/HTML-CSS"
00002,00000,0000000,"jweir/Sound-of-Traffic"
00002,00000,0000000,"ksivathanu/dplyr-tutorial"
00002,00000,0000000,"letolab/tcp-repeater"
00002,00000,0000000,"javaSair/main"
00002,00000,0000000,"miniflycn/url-download"
00002,00000,0000000,"SteveCampos/TryingSupportLibrary"
00002,00000,0000000,"physacco/zwc"
00002,00000,0000000,"chenjilei/bui-default"
00002,00000,0000000,"nklein/fft-paint"
00002,00000,0000000,"hedayat/jolla-n950-kickstart"
00002,00000,0000000,"MinnPost/tulip"
00002,00000,0000000,"ArchiveTeam/scrapy-thingy"
00002,00000,0000000,"Panya/stylus"
00002,00000,0000000,"jim/monk"
00002,00000,0000000,"rajaram-rabindranath/grad-PDP-PrimeGen"
00002,00000,0000000,"zouxiaohang/kd-tree"
00002,00000,0000000,"prolificinteractive/mabi"
00002,00000,0000000,"mattcha/sgd-svm"
00002,00000,0000000,"andrewtch/perceptual-hash"
00002,00000,0000000,"saltstack-formulas/linux-dev-formula"
00002,00000,0000000,"briancappello/real_world_haskell"
00002,00000,0000000,"jacarui/TDD"
00002,00000,0000000,"Feuerlabs/gpio"
00002,00000,0000000,"andrejd/ng-classify-brunch"
00002,00000,0000000,"shshaw/Responsive-Tabs"
00002,00000,0000000,"goodguy/debian-virtualenv-skeleton"
00002,00000,0000000,"bazelbuild/dash"
00002,00000,0000000,"Mitchellbrine/Project-T-Shirt"
00002,00000,0000000,"wjlandryiii/rophopper"
00002,00000,0000000,"avanindra/OpenDTAM"
00002,00000,0000000,"mdqyy/convnet-benchmarks"
00002,00000,0000000,"chrisdickinson/spatial-events"
00002,00000,0000000,"szaqal/DemoCustomAuthenticationProvider"
00002,00000,0000000,"itsamenathan/libnotify-over-ssh"
00002,00000,0000000,"merunga/meteor-client-only-generator"
00002,00000,0000000,"Spirit-of-Oberon/ProjectOberonV4"
00002,00000,0000000,"avvo/avvo_api"
00002,00000,0000000,"smolleyes/node-upnp-client"
00002,00000,0000000,"Norman0406/Slimgress"
00002,00000,0000000,"chaozhao/MyProjects"
00002,00000,0000000,"charliesome/ttypipe"
00002,00000,0000000,"maropu/vpacker"
00002,00000,0000000,"eisuke/dbix-objectmapper"
00002,00000,0000000,"wayneandlayne/blinky"
00002,00000,0000000,"Nax/KubesVsGitanos"
00002,00000,0000000,"Uberi/ProgressPlatformer"
00002,00000,0000000,"SuhasDPatil/Social-Networking-Sharing"
00002,00000,0000000,"CXHtml/iOS-Core-Animation-Advanced-Techniques"
00002,00000,0000000,"0xdeafcafe/ImgurNet"
00002,00000,0000000,"mountain/knowledge"
00002,00000,0000000,"alishir/IGT_net"
00002,00000,0000000,"tchapi/CuraForMakerbots"
00002,00000,0000000,"kurenn/miTecProposal"
00002,00000,0000000,"tkryskiewicz/heroes"
00002,00000,0000000,"xli/spotlight"
00002,00000,0000000,"hectcastro/cf-riak-service-broker-sample-app"
00002,00000,0000000,"vilnius/siuksliadezes"
00002,00000,0000000,"web-audio-components/pink-noise"
00002,00000,0000000,"jamesjefferies/national-rail-datafeeds-ruby-examples"
00002,00000,0000000,"lucperkins/dropwizard-riak"
00002,00000,0000000,"poetic/meteor-reactive-dict-bind"
00002,00000,0000000,"tianfei2002cn/realtime-chat"
00002,00000,0000000,"wangxiaomo/py-weibo-oauth2template"
00002,00000,0000000,"cpatracker/CPA-Tracker"
00002,00000,0000000,"corbindavenport/web-system"
00002,00000,0000000,"NancyFx/Accessories"
00002,00000,0000000,"knyghty/django-html5-colorfield"
00002,00000,0000000,"racehub/dokku-couchdb-plugin"
00002,00000,0000000,"zhourunlai/lumen"
00002,00000,0000000,"lufinkey/iSSB-Windows"
00002,00000,0000000,"sippda/DDIDDI"
00002,00000,0000000,"jyy12/lottery"
00002,00000,0000000,"kurtfunai/Habit-Graph"
00002,00000,0000000,"crosbymichael/redis-docker"
00002,00000,0000000,"sitdap/dynamic-image"
00002,00000,0000000,"marekj/user-choices"
00002,00000,0000000,"defuse/vim"
00002,00000,0000000,"mapmeld/node-rhyme"
00002,00000,0000000,"ilovezfs/mbuffer-osx"
00002,00000,0000000,"zippo21/stoick"
00002,00000,0000000,"tovbinm/searchable-freebase"
00002,00000,0000000,"qwerty12/NFCLockscreenoffEnabler"
00002,00000,0000000,"GuangweiJiang/newbie_training"
00002,00000,0000000,"skyseraph/fanfouapp-opensource"
00002,00000,0000000,"zyqiong/my-first-demo"
00002,00000,0000000,"deckymcd/Laravel-5-Generators-Extended"
00002,00000,0000000,"zuuzlo/impact_radius_api"
00002,00000,0000000,"nicolastinkl/TKCocoaPods"
00002,00000,0000000,"LukeMurphey/perseus-greek-and-roman-texts"
00002,00000,0000000,"UestcEric/bootstrap"
00002,00000,0000000,"openxc/rearview-camera"
00002,00000,0000000,"hlp/toxiclibs--"
00002,00000,0000000,"seokbeomKim/klicknmenu"
00002,00000,0000000,"dimitarniknikolov/ADE"
00002,00000,0000000,"dhgwilliam/qv"
00002,00000,0000000,"ismailmustafa/IJMRandomName"
00002,00000,0000000,"xasetl/1327"
00002,00000,0000000,"willmo1987/VCameraFromMiaoPai"
00002,00000,0000000,"wf123537200/FeTestAndCov"
00002,00000,0000000,"kimmobrunfeldt/presentation-express-tips"
00002,00000,0000000,"chrisdickinson/git-to-js"
00002,00000,0000000,"luoweiw/shopizer"
00002,00000,0000000,"DevForrestWang/FwXcodeTool"
00002,00000,0000000,"CocoaHeadsBrasil/SwiftDojo"
00002,00000,0000000,"goodTesting/gitdemo"
00002,00000,0000000,"csterritt/Dynamic-jQuery-UI-Tabs-with-Backbone"
00002,00000,0000000,"floraLam/data-structure-with-js"
00002,00000,0000000,"c-w/awesome-machine-learning"
00002,00000,0000000,"Lafree317/BaiduMapDemo"
00002,00000,0000000,"ryanwcraig/pitt-remote-print"
00002,00000,0000000,"iblancasa/TweetMonuments"
00002,00000,0000000,"dzuluaga/api-best-practices"
00002,00000,0000000,"horacimacias/Twinkle"
00002,00000,0000000,"it-innovation/SAD"
00002,00000,0000000,"patdowney/http-sse"
00002,00000,0000000,"scotch/aeaccount"
00002,00000,0000000,"josepjc/d3-guifi"
00002,00000,0000000,"roadster31/Keyword"
00002,00000,0000000,"wakooka/initmap.js"
00002,00000,0000000,"OxBRCInformatics/mirth-connect-spock"
00002,00000,0000000,"raszi/pry-rake"
00002,00000,0000000,"yanqirenshi/juiz"
00002,00000,0000000,"chriswarren/runscope-rb"
00002,00000,0000000,"is8r/selector-counter"
00002,00000,0000000,"afsdas41sd/danbi"
00002,00000,0000000,"kybernetikos/SolarPosition"
00002,00000,0000000,"gopheracademy/gopherbot"
00002,00000,0000000,"seeekr/docker-audiowaveform"
00002,00000,0000000,"Luegg/blitztags"
00002,00000,0000000,"rnirmal/openstack-dashboard"
00002,00000,0000000,"seattlerb/ohmygems"
00002,00000,0000000,"afreechina/afreechina"
00002,00000,0000000,"chengmin0823/Newton"
00002,00000,0000000,"hamstergene/p5"
00002,00000,0000000,"jxv/chip8"
00002,00000,0000000,"sherbondy/minimap"
00002,00000,0000000,"npari/wwc-algorithms"
00002,00000,0000000,"MindScriptAct/as3-utils"
00002,00000,0000000,"johnwwil/memminer"
00002,00000,0000000,"kalyan02/lsystem-js"
00002,00000,0000000,"dkujawski/utilities"
00002,00000,0000000,"shazeel1/ruby"
00002,00000,0000000,"Maciek416/nodesynth"
00002,00000,0000000,"saiya/mechanize_UFJdirect"
00002,00000,0000000,"EricBurnett/GameOfLife"
00002,00000,0000000,"leeolevis/MVCScaffold-And-Bootstrap"
00002,00000,0000000,"xskylarx/skytube-web"
00002,00000,0000000,"imapi/grunt-profile"
00002,00000,0000000,"qtran3/ruby_basics"
00002,00000,0000000,"gongxia20/XLForm"
00002,00000,0000000,"disfated/gedit-plugin-indent-converter"
00002,00000,0000000,"IndieCollab/Shadows-Of-Seven"
00002,00000,0000000,"psygrammer/visual"
00002,00000,0000000,"bettin/textual-monokai"
00002,00000,0000000,"christopherpoole/3DDose"
00002,00000,0000000,"rkusa/co-rethinkdb"
00002,00000,0000000,"skipjac/pull-zendesk-forums"
00002,00000,0000000,"vtns/FontLabel"
00002,00000,0000000,"clexit/bootstrap-amd"
00002,00000,0000000,"LCY2013/pzhusds"
00002,00000,0000000,"aelsantex/runcommand"
00002,00000,0000000,"diorahman/co-iron"
00002,00000,0000000,"xcore/sc_pwm"
00002,00000,0000000,"haroldoramirez/PlayStartApp"
00002,00000,0000000,"GoodLu/android-times-square"
00002,00000,0000000,"frontendweekly/feeds"
00002,00000,0000000,"mvanga/Bach-Operating-System"
00002,00000,0000000,"dayt0n/USB-TCP"
00002,00000,0000000,"DellSWPub/DellActivityLightSDK"
00002,00000,0000000,"crawles/obspy"
00002,00000,0000000,"wearefractal/thread"
00002,00000,0000000,"ChiangWind/joway"
00002,00000,0000000,"tekdemo/eagle-preview-autogen"
00002,00000,0000000,"AdamAtomic/BlitPilot"
00002,00000,0000000,"KennethWu1987/datasciencecoursera"
00002,00000,0000000,"MassD/bson"
00002,00000,0000000,"Corsair/emacs-deviant-theme"
00002,00000,0000000,"pcwalton/doctorjsmm"
00002,00000,0000000,"knapo/mongoid"
00002,00000,0000000,"ahclipse/Memory-Alloc-Free"
00002,00000,0000000,"meritt/node-gisty"
00002,00000,0000000,"acani/CodeInputView"
00002,00000,0000000,"bulgarskiszlak/ss"
00002,00000,0000000,"mgul0424/resim-depo"
00002,00000,0000000,"zQueal/Microframework"
00002,00000,0000000,"bkury/OpenPHT"
00002,00000,0000000,"jamesliu96/LZW.js"
00002,00000,0000000,"dalekjs/dalek-browser-firefox"
00002,00000,0000000,"gterzian/Jiao-Tong-U-listings"
00002,00000,0000000,"jeroenvds/denonremote"
00002,00000,0000000,"s1341/pyenv-alias"
00002,00000,0000000,"baiIey/transparency"
00002,00000,0000000,"jneen/ragel.vim"
00002,00000,0000000,"jkennerley/DeeTree"
00002,00000,0000000,"miniframework/mini"
00002,00000,0000000,"kgn/PaintCodeExample"
00002,00000,0000000,"gcflames5/menu-framework"
00002,00000,0000000,"pklauzinski/flot"
00002,00000,0000000,"aarondav/scala-imports-organizer"
00002,00000,0000000,"wsw/crazymoney"
00002,00000,0000000,"philngo/ble-mathematica"
00002,00000,0000000,"balazsbalazs/blinking-marker-mapsv2"
00002,00000,0000000,"wycats/ghostium"
00002,00000,0000000,"lightningmanic/scarab"
00002,00000,0000000,"NetHome/CULFirmware"
00002,00000,0000000,"lechium/XContract"
00002,00000,0000000,"StackAndHeap/joystick-ane"
00002,00000,0000000,"taskrabbit/octopus"
00002,00000,0000000,"manveru/raptgo"
00002,00000,0000000,"josketres/node-express-with-ssl"
00002,00000,0000000,"bgbennyboy/Grim-Fandango-Setup-and-Launcher"
00002,00000,0000000,"shiro-t/PseudoNMI"
00002,00000,0000000,"chaseme3/frozenbiome"
00002,00000,0000000,"sswv/sd-daemon-java"
00002,00000,0000000,"catphish/flight_controller"
00002,00000,0000000,"ceylon/ceylon-maven-plugin"
00002,00000,0000000,"natalan/jquery.formLabels"
00002,00000,0000000,"daywong1119/IG-Wallpaper"
00002,00000,0000000,"CarryTheWhat/3D-PCB"
00002,00000,0000000,"emeraldjava/bhaawp-theme"
00002,00000,0000000,"vickyteke/easypost_parse"
00002,00000,0000000,"bochoven/catalogviewer"
00002,00000,0000000,"kbsriram/checkmention"
00002,00000,0000000,"abhay/gchart"
00002,00000,0000000,"6eDesign/JSONTable"
00002,00000,0000000,"brianofearain/datasnapjavasdkrest"
00002,00000,0000000,"dwyl/lobe"
00002,00000,0000000,"lovelysystems/nginx-examples"
00002,00000,0000000,"gree/hive-ruby-scripting"
00002,00000,0000000,"chrispynegar/bootstrap"
00002,00000,0000000,"grodsky/Decacode"
00002,00000,0000000,"aliahsansyed/Marlin"
00002,00000,0000000,"automine/TA-cisco_acs"
00002,00000,0000000,"greenish/jnstrument"
00002,00000,0000000,"cloud9ide/kernel"
00002,00000,0000000,"railsware/chain_flow"
00002,00000,0000000,"panzihan/TextDrawable"
00002,00000,0000000,"omphalos/tailspin"
00002,00000,0000000,"endersstocker/Mogenerator-Xcode-Template"
00002,00000,0000000,"Yannie0917/qwe"
00002,00000,0000000,"sdaves/espruino-caffeinated"
00002,00000,0000000,"svn2github/dcef3"
00002,00000,0000000,"kreeger/benlight"
00002,00000,0000000,"chuacw/WindowsFirewall"
00002,00000,0000000,"ktoso/g73-keyboard-backlight-sh"
00002,00000,0000000,"filipgerat/json-angular-cms"
00002,00000,0000000,"zuinqstudio/cmis_4_redmine_2"
00002,00000,0000000,"macfeteria/Objective-C-Demo"
00002,00000,0000000,"jmoses/foreman"
00002,00000,0000000,"patchgi/Teaching-materials-B2-"
00002,00000,0000000,"huaRJane/-"
00002,00000,0000000,"kmtuhin/jquery.silver_track"
00002,00000,0000000,"charsyam/shorturl"
00002,00000,0000000,"tmc323/Chord-Annotations"
00002,00000,0000000,"CoronaSDK/Frogger"
00002,00000,0000000,"MacTavish15/Test"
00002,00000,0000000,"mojombo/play"
00002,00000,0000000,"vanhonit/ninjarsssyndicator"
00002,00000,0000000,"jcoglan/burn-your-getters"
00002,00000,0000000,"plamere/3dExplorer"
00002,00000,0000000,"drbeco/xadreco"
00002,00000,0000000,"naughtone/AndroidDevTools"
00002,00000,0000000,"nickqiao/cyqweibo"
00002,00000,0000000,"MohammadAG/iOS-RemoteShutterCameraLauncher"
00002,00000,0000000,"brettbj/MGSplitViewController"
00002,00000,0000000,"ltzMaxwell/android-ffmpeg-x264"
00002,00000,0000000,"synesthesiam/eyecode"
00002,00000,0000000,"satococoa/IDMPhotoBrowser"
00002,00000,0000000,"kecebongsoft/puppet-sentry"
00002,00000,0000000,"goware/lg"
00002,00000,0000000,"michaelbishop/meteor-signature-pad"
00002,00000,0000000,"balboa-fpga/aesbus"
00002,00000,0000000,"fabiogomesvieira/unipic"
00002,00000,0000000,"robertprice/php-base64-encode"
00002,00000,0000000,"j4n0/trie-suggest"
00002,00000,0000000,"thealexus/dont-starve-modding"
00002,00000,0000000,"Beatseed/chemical"
00002,00000,0000000,"mvj3/logpos"
00002,00000,0000000,"Najaf/moo.rb"
00002,00000,0000000,"huangmingyou/puppet"
00002,00000,0000000,"mbrooksx/lightcontrol-ble"
00002,00000,0000000,"twitter/naggati2"
00002,00000,0000000,"sidmonta/phonegap-angular-yeoman-ionic"
00002,00000,0000000,"friemen/legacy-java"
00002,00000,0000000,"gabrieleromanato/jQuery-Password-Strength"
00002,00000,0000000,"argp/opensource_taig"
00002,00000,0000000,"tiaohai/MoGo"
00002,00000,0000000,"quickfix/quickfix-logviewer"
00002,00000,0000000,"vim-scripts/taglist-plus"
00002,00000,0000000,"pippinsplugins/Give"
00002,00000,0000000,"foostan/consul.sandbox"
00002,00000,0000000,"motonacciu/mpp"
00002,00000,0000000,"matthew-compton/NerdRoll"
00002,00000,0000000,"ratschlab/AdaBoost"
00002,00000,0000000,"olsonjeffery/boolangstudio"
00002,00000,0000000,"whatever1992/flappy-bird"
00002,00000,0000000,"odeoncg/django-rdflib"
00002,00000,0000000,"rohitraj280/Sentiment-Analysis"
00002,00000,0000000,"jtdev/blogpost_files"
00002,00000,0000000,"component/truncate"
00002,00000,0000000,"ayatk/MinecraftRomajiFix"
00002,00000,0000000,"InhoChoi/KICOM"
00002,00000,0000000,"hovmand/go-websocket-bench"
00002,00000,0000000,"francisrangel/rest-mock"
00002,00000,0000000,"certator/tuxguitar_mod"
00002,00000,0000000,"TimTsang/impress.js"
00002,00000,0000000,"srainier/ElevatorMusic"
00002,00000,0000000,"mwhite14/AICHE_Pumps"
00002,00000,0000000,"jarzebski/Arduino-GY80"
00002,00000,0000000,"Arag0rn/LibraryManagementSystem"
00002,00000,0000000,"r8/magento-lesscss"
00002,00000,0000000,"lerugray/NES_PROGRAMMING"
00002,00000,0000000,"openappjs/schema-jsonld-context"
00002,00000,0000000,"Sitwon/Porteus"
00002,00000,0000000,"asimpson/stackoverflow-favorites-alfred-workflow"
00002,00000,0000000,"davegardnerisme/phonegeocode"
00002,00000,0000000,"ZhangBijun/Cangku01"
00002,00000,0000000,"jwalgran/boundingbox.info"
00002,00000,0000000,"bestie/fetchable"
00002,00000,0000000,"gurkanozt/scikit-learn"
00002,00000,0000000,"shannonmoeller/mute"
00002,00000,0000000,"robertkowalski/couchdb-workshop"
00002,00000,0000000,"Digilo/megaos"
00002,00000,0000000,"geerlingguy/ansible-role-selenium"
00002,00000,0000000,"ponty/psidialogs"
00002,00000,0000000,"liubenyuan/qsbl"
00002,00000,0000000,"aprilorange/lean-frame"
00002,00000,0000000,"deviantech/rack-referrals"
00002,00000,0000000,"LorenzoNap/HORUS-Reasoner"
00002,00000,0000000,"dallascao/shadowsocks-nodejs-monitor"
00002,00000,0000000,"nikhilrathi/Lexathon-Game"
00002,00000,0000000,"zman0900/titanium-improvedintent"
00002,00000,0000000,"dlau/docs-1"
00002,00000,0000000,"UMassACM/programming-challenges"
00002,00000,0000000,"Srirangan/node_genius"
00002,00000,0000000,"raissastodulski/delphimvcframework"
00002,00000,0000000,"mesako/basil"
00002,00000,0000000,"jinjian1991/MVCDemo"
00002,00000,0000000,"woorea/openstack-ui"
00002,00000,0000000,"murett/ShqipTVm3u"
00002,00000,0000000,"soulchild/DevReactions"
00002,00000,0000000,"SpiderLabs/deface"
00002,00000,0000000,"ngocdaothanh/netcaty"
00002,00000,0000000,"vhf/to-markdown"
00002,00000,0000000,"moislunaire/styles"
00002,00000,0000000,"nathanmac/datetime-codeception-module"
00002,00000,0000000,"adobe/telemetry-utils"
00002,00000,0000000,"wearehere/WiplugMe"
00002,00000,0000000,"simonster/VML.jl"
00002,00000,0000000,"bkr/goa"
00002,00000,0000000,"stevelloyd/Learn-sonification-with-Sonic-Pi"
00002,00000,0000000,"cantinac/GradleTDD"
00002,00000,0000000,"gergelyke/node-quiz"
00002,00000,0000000,"jasongrout/skim"
00002,00000,0000000,"pvh/postgres-bits"
00002,00000,0000000,"aolin480/acf-fontello"
00002,00000,0000000,"SHDream/book"
00002,00000,0000000,"maverickplusplus/light-ubuntu-custom"
00002,00000,0000000,"ramitos/jsonstream2"
00002,00000,0000000,"lukestanley/emscripten_shedskin_setup"
00002,00000,0000000,"AmitChotaliya/neCloud"
00002,00000,0000000,"ebookineur/Markdown-for-Java"
00002,00000,0000000,"jflam/repl-lib"
00002,00000,0000000,"skunkworks/ruby-koans"
00002,00000,0000000,"leoyeer/android-open-project"
00002,00000,0000000,"Jakobo/snaptest"
00002,00000,0000000,"gwindes/CoffeeScript-ThreeJS-Boilerplate"
00002,00000,0000000,"arcturus/node-appcache-generator"
00002,00000,0000000,"lamby/talk-shell-programming"
00002,00000,0000000,"vjrantal/legacy-cordova-chat-alljoyn"
00002,00000,0000000,"ShadowFlare/WinMPQ"
00002,00000,0000000,"lubino/SwiftScript"
00002,00000,0000000,"stuartmemo/stylophone"
00002,00000,0000000,"acsellers/bham"
00002,00000,0000000,"geraintluff/ndarray-wav"
00002,00000,0000000,"elthariel/dff"
00002,00000,0000000,"josephinek650/agriya-releases-new-version-of-etsy-clone"
00002,00000,0000000,"dennisdoomen/objectcalisthenics"
00002,00000,0000000,"zpconn/Quarto"
00002,00000,0000000,"plamoni/Cracking-Siri"
00002,00000,0000000,"jcx1231/AUTSE2015-oolong"
00002,00000,0000000,"pope/version_sorter"
00002,00000,0000000,"dlech/nook-touch-button-service"
00002,00000,0000000,"wilg/jarvis-ears-ios"
00002,00000,0000000,"allenai/flapjack"
00002,00000,0000000,"UweTrottmann/material-dialogs"
00002,00000,0000000,"KamilWo/dateLiner"
00002,00000,0000000,"mitchchn/mitchchn.github.io"
00002,00000,0000000,"oranmor/russian_obscenity"
00002,00000,0000000,"blogmywiki/pi-radio"
00002,00000,0000000,"detectlanguage/detectlanguage-python"
00002,00000,0000000,"JixunMoe/GM_Aria2RPC"
00002,00000,0000000,"freecode/YouTube-Downloader"
00002,00000,0000000,"kube/highlight"
00002,00000,0000000,"EPFLCloudPrint/EPFLCloudPrint"
00002,00000,0000000,"Moroznikov/SuperOmegaDevelopersProject"
00002,00000,0000000,"cloudsearch/cloudsearchdemos"
00002,00000,0000000,"bokmann/stonewall"
00002,00000,0000000,"d11e9/g3"
00002,00000,0000000,"Gix075/jqueryHDimg"
00002,00000,0000000,"jasoncmartin/iTuneConnect"
00002,00000,0000000,"yentsun/ColorMap"
00002,00000,0000000,"dasmall/TabZolo"
00002,00000,0000000,"paulmederos/MLP-Emoji-SlackHQ"
00002,00000,0000000,"abs0/wargames"
00002,00000,0000000,"Aldaviva/rpi-dashboard-setup"
00002,00000,0000000,"mrmrs/basscss"
00002,00000,0000000,"jeeeyul/meteor-aggregation"
00002,00000,0000000,"liruizhe/Wordpress-Backup-To-Amazon-S3"
00002,00000,0000000,"kaytwo/ArtfulDodger"
00002,00000,0000000,"capp365/nlp100_2015"
00002,00000,0000000,"swashata/IcoMoonIconIndexer"
00002,00000,0000000,"ziven27/polymer"
00002,00000,0000000,"jessicah/snowflake-svn"
00002,00000,0000000,"mluton/InfiniteScrollingDemo"
00002,00000,0000000,"andreadec/cinnamon-applet-netspeed"
00002,00000,0000000,"sudar/MissileLauncher"
00002,00000,0000000,"nodejstr/MongoDB-Ilk-Ornek"
00002,00000,0000000,"filipedeschamps/angular-browserify"
00002,00000,0000000,"WiseBird/trinity"
00002,00000,0000000,"danielperez9430/Wordsmith"
00002,00000,0000000,"brightcode/smtpd"
00002,00000,0000000,"Mpdreamz/html5-piano"
00002,00000,0000000,"rigelstpierre/canvas-go-frontend"
00002,00000,0000000,"vbmithr/opam"
00002,00000,0000000,"NTRUOpenSourceProject/ntru-params"
00002,00000,0000000,"TorbenRahbekKoch/ColorPuzzle"
00002,00000,0000000,"pedroskakum/ReisdoCodigo"
00002,00000,0000000,"pokonski/prediction-io-demo"
00002,00000,0000000,"ryohashimoto/roscil"
00002,00000,0000000,"heymexa/jscs-rules"
00002,00000,0000000,"arika/ruby-termios"
00002,00000,0000000,"ihara2525/rack-smartphone_detector"
00002,00000,0000000,"agar3s/vier"
00002,00000,0000000,"bonus500/sc2blog"
00002,00000,0000000,"simonw/django_cropper"
00002,00000,0000000,"jarnoh/knobroom"
00002,00000,0000000,"sebnil/Selfbalancing-robot"
00002,00000,0000000,"fishbee/pfds-haskell"
00002,00000,0000000,"24198/DatagridHelperBundle"
00002,00000,0000000,"tinco/ruby-ddp-server-rethinkdb"
00002,00000,0000000,"ippotsuko/gShadowsocks"
00002,00000,0000000,"samyrwendel/copasushi"
00002,00000,0000000,"benvinegar/couchdb-xd"
00002,00000,0000000,"hudl/qupid"
00002,00000,0000000,"DanaL/crashRun"
00002,00000,0000000,"hoegaarden/dustnode-dustpi-gpio"
00002,00000,0000000,"javatechig/Android-HttpGet-Apache-HttpClient"
00002,00000,0000000,"Bridn/CakePHP-3.x-Taxonomy-Plugin"
00002,00000,0000000,"dranjan/termcolors"
00002,00000,0000000,"kalifg/tamsyn-mac"
00002,00000,0000000,"willbailey/photowall"
00002,00000,0000000,"carlren/ThesisGit"
00002,00000,0000000,"agiletortoise/URLSchemes"
00002,00000,0000000,"billy-boy/CEC_Mapper"
00002,00000,0000000,"lqez/repeat"
00002,00000,0000000,"AmnonOwed/P5_GLSL_Experiments"
00002,00000,0000000,"opensourceLduck/https-duckduckgo.com-"
00002,00000,0000000,"em91/ios-issues"
00002,00000,0000000,"lihongxiangleo/Android-Lock9View"
00002,00000,0000000,"coordinates/GTMHTTPFetcher"
00002,00000,0000000,"stamen/elevate"
00002,00000,0000000,"hexojs/hexo-plugins"
00002,00000,0000000,"danchoi/firelinks"
00002,00000,0000000,"habdelra/rage-ster"
00002,00000,0000000,"twodayslate/slideback"
00002,00000,0000000,"voltagex/python-gist"
00002,00000,0000000,"mgesmundo/authorify"
00002,00000,0000000,"alexeypetrushin/vfs"
00002,00000,0000000,"LigeiaRowena/NSKit"
00002,00000,0000000,"webmechanicx/htaccess"
00002,00000,0000000,"grokcode/ipython-notebooks"
00002,00000,0000000,"sonata-project/SonataGoutteBundle"
00002,00000,0000000,"ericelliott/version-healthcheck"
00002,00000,0000000,"borgar/node-flags"
00002,00000,0000000,"luanlmd/luanlmd.com"
00002,00000,0000000,"gillygize/ChocolateBox"
00002,00000,0000000,"andykitchen/curry-howard-iso"
00002,00000,0000000,"five55/my-app"
00002,00000,0000000,"substack/dataplex-hyperspace-example"
00002,00000,0000000,"readdle/rdhttp"
00002,00000,0000000,"benfowler/nokia-vmsg-file-api"
00002,00000,0000000,"rentzsch/JRTranscriptView"
00002,00000,0000000,"workergnome/fakebook_api"
00002,00000,0000000,"marioaugustorama/PHP-Serial"
00002,00000,0000000,"malyn/HermesBBS"
00002,00000,0000000,"rackerlabs/loadscale"
00002,00000,0000000,"ohhdemgirls/tumblr-utils"
00002,00000,0000000,"berke/wipe"
00002,00000,0000000,"bmatthews68/jaxb2-commons"
00002,00000,0000000,"pilwon/node-get-env"
00002,00000,0000000,"alexland/d3-data-adapter"
00002,00000,0000000,"Pingendo/bootstrap-custom"
00002,00000,0000000,"jseidelin/cnkdec"
00002,00000,0000000,"basileus-v/rest-api-template"
00002,00000,0000000,"rvalyi/ooornithorhynchus"
00002,00000,0000000,"CoryBR/OverlayFS"
00002,00000,0000000,"dsabanin/BetterFTP"
00002,00000,0000000,"kadiryaka/t_shop"
00002,00000,0000000,"Timoteus78/acheev-ionic"
00002,00000,0000000,"dcramer/django-static-compiler"
00002,00000,0000000,"delanoir/rprtr"
00002,00000,0000000,"threetreeslight/humper"
00002,00000,0000000,"kitanoow/GestureImageView"
00002,00000,0000000,"YuriyGuts/regex-builder"
00002,00000,0000000,"reAsOn2010/Shanbay-Firefox-Add-on"
00002,00000,0000000,"kristopolous/js1k"
00002,00000,0000000,"AndrewArace/hubhacks"
00002,00000,0000000,"ClintH/gtbg"
00002,00000,0000000,"mllocs/guard-lilypond"
00002,00000,0000000,"mattn/jscomplete-vim"
00002,00000,0000000,"krhoyt/ArduinoWeb"
00002,00000,0000000,"brianxu/javascript_bezierCurve"
00002,00000,0000000,"y-ken/growthforecast-quick-install"
00002,00000,0000000,"ChristosChristofidis/papers-we-love"
00002,00000,0000000,"kazesberger/jenkins-mesos-setup"
00002,00000,0000000,"LaraChat/LaraBot"
00002,00000,0000000,"ForbesLindesay/ascii-math"
00002,00000,0000000,"lagden/emar"
00002,00000,0000000,"nozzergaming/baldwm"
00002,00000,0000000,"vueui/vueui.github.io"
00002,00000,0000000,"emory-libraries-ecds/name-dropper"
00002,00000,0000000,"colindecarlo/array_is_subset"
00002,00000,0000000,"kanzure/vba-linux"
00002,00000,0000000,"stevenla/googlemusic-hotkeys"
00002,00000,0000000,"Andersso/SM-WeaponModels"
00002,00000,0000000,"wootekh/Faiz-Woo"
00002,00000,0000000,"Julus90/Tse_Proyecto"
00002,00000,0000000,"dnaeon/py-vevents"
00002,00000,0000000,"tjanczuk/haiku-http"
00002,00000,0000000,"threez/test-http-clients"
00002,00000,0000000,"uooo/FE"
00002,00000,0000000,"mjanikas/devsummit-14-python"
00002,00000,0000000,"rl1987/VLC-Controller"
00002,00000,0000000,"Rannie/UIImage-HR"
00002,00000,0000000,"iankits/opencv_object_tracking"
00002,00000,0000000,"ambitiouswebkit/grid-responsive"
00002,00000,0000000,"alexch/ruby_notes"
00002,00000,0000000,"JoshuaKaminsky/PhotographySite"
00002,00000,0000000,"GennadijRGG/AC3"
00002,00000,0000000,"jdub1581/MapGenerator"
00002,00000,0000000,"spiritloose/cronin"
00002,00000,0000000,"hanguang/fresco"
00002,00000,0000000,"dancarter/Werewolf"
00002,00000,0000000,"objectivehtml/Base-Form"
00002,00000,0000000,"agiliq/django-library"
00002,00000,0000000,"fairy1222/SublimeText-Nodejs"
00002,00000,0000000,"ibrahimgunduz34/getasusstatus"
00002,00000,0000000,"subhranath/python-web-api-auth-helper"
00002,00000,0000000,"madtomic/Quests"
00002,00000,0000000,"halgari/jit-playground"
00002,00000,0000000,"Gama11/LudumDare26"
00002,00000,0000000,"Gbuomprisco/Digital-Lightbox"
00002,00000,0000000,"holman/boastful"
00002,00000,0000000,"dpino/Metamail"
00002,00000,0000000,"mateuszmackowiak/NativeAlert"
00002,00000,0000000,"breunigs/gnt-eval"
00002,00000,0000000,"dsc/node-remove"
00002,00000,0000000,"rishibhatnagar1/ChatApp"
00002,00000,0000000,"dubharmonic/dubloom"
00002,00000,0000000,"mojombo/homebrew"
00002,00000,0000000,"asolove/scrubbing-linear-calculator"
00002,00000,0000000,"evelinag/Ariadne"
00002,00000,0000000,"tunix/raptiye"
00002,00000,0000000,"nodeajax/nodeajax"
00002,00000,0000000,"RobusGauli/VolleyList"
00002,00000,0000000,"iamcal/updog.report"
00002,00000,0000000,"hemanth/radioactive-xkcd"
00002,00000,0000000,"loganfreeman/backbone"
00002,00000,0000000,"alex/optimizer-model"
00002,00000,0000000,"aristidesfl/lion-growlstyle"
00002,00000,0000000,"keenerd/pkgbuild-watch"
00002,00000,0000000,"kashifmin/a116_kernel"
00002,00000,0000000,"jkubos/diffator"
00002,00000,0000000,"levimoore/Ember-Firebase-Login-Example"
00002,00000,0000000,"johnhiott/passportparking"
00002,00000,0000000,"krotik/gladiator_3d"
00002,00000,0000000,"ajrisi/lsif"
00002,00000,0000000,"canerbasaran/scripts"
00002,00000,0000000,"Perlmint/pebbleOTP"
00002,00000,0000000,"mizchi/my-feed-reader"
00002,00000,0000000,"marcoconstancio/mnotes"
00002,00000,0000000,"thumbtack/go-vendor"
00002,00000,0000000,"specialunderwear/stud"
00002,00000,0000000,"luciotato/cloud9"
00002,00000,0000000,"rib/UProf"
00002,00000,0000000,"quine/quinemisc"
00002,00000,0000000,"phalt/swapi-issues"
00002,00000,0000000,"gcedo/rlatex"
00002,00000,0000000,"zhangjie201412/goldfish_kernel"
00002,00000,0000000,"erisian/rest_tools"
00002,00000,0000000,"breaker/studies"
00002,00000,0000000,"drew887/youtubeFloater"
00002,00000,0000000,"luizstacio/pattern-lab-stylus"
00002,00000,0000000,"Alex311/TableCellWithAutoLayout"
00002,00000,0000000,"onepixelsolid/serial-text"
00002,00000,0000000,"stefaanvermassen/proxygrabber"
00002,00000,0000000,"rezaali/ofxTileSaver"
00002,00000,0000000,"csdn-dev/ServiceFramework"
00002,00000,0000000,"pgroth/datadj"
00002,00000,0000000,"bigpresh/DancerJukebox"
00002,00000,0000000,"cvalleskey/graph"
00002,00000,0000000,"tciuro/FullScreenWithTabBar"
00002,00000,0000000,"iamjpg/jQuery-Easy-Pinned-Footer"
00002,00000,0000000,"geek/jenny"
00002,00000,0000000,"lorenzoriano/trajectory_optimization"
00002,00000,0000000,"dbuenzli/lit"
00002,00000,0000000,"Vyctryx/Lorum-Ricksum"
00002,00000,0000000,"fluxsauce/dotfiles"
00002,00000,0000000,"liangxiaojuan/meteor"
00002,00000,0000000,"chuanqi007/FirstProject"
00002,00000,0000000,"creationix/sftp-server"
00002,00000,0000000,"tesselode/bubble-party"
00002,00000,0000000,"tgvoskuilen/pyBrew"
00002,00000,0000000,"mariuxifernandez/PROYECTO_COMPRAS"
00002,00000,0000000,"purcola/PiTV"
00002,00000,0000000,"arigato-java/javabutton-palmos"
00002,00000,0000000,"masuhara/TableView-Swift"
00002,00000,0000000,"jonase/mlx"
00002,00000,0000000,"EIGroupAmazing/paypalpay"
00002,00000,0000000,"d3p/mathematik"
00002,00000,0000000,"poltak/samza-medical-data"
00002,00000,0000000,"nephila/django-html5-appcache"
00002,00000,0000000,"societyconsulting/judo"
00002,00000,0000000,"emacs-tw/taiwan-calendar.el"
00002,00000,0000000,"akkana/pho"
00002,00000,0000000,"fella-72/r2m-plugin-android"
00002,00000,0000000,"marcoshack/jmeter-reports"
00002,00000,0000000,"921139284/921139284"
00002,00000,0000000,"landau/is"
00002,00000,0000000,"AndrewThurston/ConfirmationPage"
00002,00000,0000000,"hahahana/bootstrap_sass_examples"
00002,00000,0000000,"NoesisLabs/FiddlerHawkAddOn"
00002,00000,0000000,"Sobient/dosspirit"
00002,00000,0000000,"michael/proper"
00002,00000,0000000,"gilly3/lowFloat"
00002,00000,0000000,"mikefowler/backbone-with-es6"
00002,00000,0000000,"DevinFu/OverlayLocker"
00002,00000,0000000,"Squeegy/coffeeson.npm"
00002,00000,0000000,"kislolise/lemon"
00002,00000,0000000,"jeffboody/bluesmirf-demo"
00002,00000,0000000,"Ometeo/BreakDown-BomberProject"
00002,00000,0000000,"jmstriegel/jquery.liveedit"
00002,00000,0000000,"vinceprignano/Obsidian2-IntelliJ-Android-Studio"
00002,00000,0000000,"Governance/dtgov"
00002,00000,0000000,"michael-groble/motioncapture"
00002,00000,0000000,"LeaderQiu/MJExtension"
00002,00000,0000000,"atheriel/accessibility"
00002,00000,0000000,"reanimus/doge-toe"
00002,00000,0000000,"himal-mandalia/nes-emu"
00002,00000,0000000,"philipbrown/money"
00002,00000,0000000,"MeiKatz/php-event-stream"
00002,00000,0000000,"f0xy/Node-RTMPDump"
00002,00000,0000000,"aequitas/rcfile"
00002,00000,0000000,"Ruenzuo/Parallax-ListView-Android"
00002,00000,0000000,"AChep/FifteenPuzzle"
00002,00000,0000000,"sleimanzublidi/MonoTouch.RevealController"
00002,00000,0000000,"sherrardTr4129/Rpi_OpenCV"
00002,00000,0000000,"Andr3as/Codiad-CodePrint"
00002,00000,0000000,"RedHatGov/SecurityAutomationTools"
00002,00000,0000000,"weaverryan/phpsummercamp-symfony"
00002,00000,0000000,"ampersandre/beard-simulator"
00002,00000,0000000,"posabsolute/geniusbargain"
00002,00000,0000000,"ioptio/ms_slides"
00002,00000,0000000,"kurtraschke/htmlbib"
00002,00000,0000000,"yat8823jp/wp-nologin-redirect"
00002,00000,0000000,"s-stude/metalsmith-blog-bootstrap"
00002,00000,0000000,"davidbogue/Textalytics"
00002,00000,0000000,"Lawrence-zxc/dotfiles"
00002,00000,0000000,"BitBalloon/bitballoon-cli"
00002,00000,0000000,"zeckalpha/TaPL"
00002,00000,0000000,"bouzuya/hubot-twada"
00002,00000,0000000,"JeffreyZhao/everpage"
00002,00000,0000000,"tkln/mcwm"
00002,00000,0000000,"Abizern/Sandvox-2-PlugIn"
00002,00000,0000000,"bookdraft/QPeerCastYP"
00002,00000,0000000,"Solus-Rex/cutjs"
00002,00000,0000000,"joericioppo/Shape_05"
00002,00000,0000000,"prismofeverything/gitadventure"
00002,00000,0000000,"mesosphere/service-bridge"
00002,00000,0000000,"jaxbot/glass-trello"
00002,00000,0000000,"terborg/numeric_bindings"
00002,00000,0000000,"bradfordw/gen_opentsdb"
00002,00000,0000000,"THREDOpenSource/SYNFadingLabel"
00002,00000,0000000,"edwinwebb/backbone-keyboard"
00002,00000,0000000,"alok-upadhyay/MIPS-in-Verilog"
00002,00000,0000000,"ying17zi/vim-live-latex-preview"
00002,00000,0000000,"awviraj/cheshire-cosmetics"
00002,00000,0000000,"lcferrum/hmtsu-root-patches"
00002,00000,0000000,"BranchLabs/magento-admin-password-strength-enforcer"
00002,00000,0000000,"json-patch/json-patch2"
00002,00000,0000000,"formatc1702/Dekoboko"
00002,00000,0000000,"binary-forest/Varnish-Dashboard"
00002,00000,0000000,"datacenter/acimodel"
00002,00000,0000000,"ashleynolan/twitter-hashtag-watcher"
00002,00000,0000000,"seckcoder/seck-scheme"
00002,00000,0000000,"iamvanja/poof"
00002,00000,0000000,"theJohnnyBrown/om-rest-example"
00002,00000,0000000,"zmyrgel/tursas"
00002,00000,0000000,"Linary/GMU"
00002,00000,0000000,"elderxavier/magento2-community-edition"
00002,00000,0000000,"ggitau/gtk-_todo"
00002,00000,0000000,"oneclick/devkit-gem"
00002,00000,0000000,"faishal/Exploit-Scanner"
00002,00000,0000000,"weikinhuang/nodejs-rpm"
00002,00000,0000000,"guardian/android-viewflow"
00002,00000,0000000,"serprex/Rue"
00002,00000,0000000,"sartak/SKAction-AnimationCurves"
00002,00000,0000000,"zacharyliu/Hermes-Facebook"
00002,00000,0000000,"CsRacer/schlieper-crm"
00002,00000,0000000,"sworldy/MOTIONER"
00002,00000,0000000,"wx6430/byhh_zc"
00002,00000,0000000,"dude-seriously/gh12-server"
00002,00000,0000000,"OrganicPanda/node-auth"
00002,00000,0000000,"SilverWingedSeraph/ArduICS"
00002,00000,0000000,"masakibb2/SBR_predictor"
00002,00000,0000000,"straup/xmlresume-tools"
00002,00000,0000000,"ecomfe/rider-ui"
00002,00000,0000000,"izus/Barcode"
00002,00000,0000000,"ryanflorence/jsconf2014"
00002,00000,0000000,"najela/EnhancedZipFile"
00002,00000,0000000,"fat/suit"
00002,00000,0000000,"dbgrandi/DBGHTMLEntities"
00002,00000,0000000,"zhaocai/minibufexpl.vim"
00002,00000,0000000,"jenkinsci/ios-otabuilder-plugin"
00002,00000,0000000,"sehe/opus"
00002,00000,0000000,"open-city/council_analyses"
00002,00000,0000000,"junegunn/insensitive_hash"
00002,00000,0000000,"dsymonds/marcopolo"
00002,00000,0000000,"nathanchantrell/Python-MCP230XX"
00002,00000,0000000,"doomtech/zdoom-old"
00002,00000,0000000,"SkymindIO/jcuda-osx"
00002,00000,0000000,"jvermillard/raspberry-finder"
00002,00000,0000000,"SamRoutt/PairProject"
00002,00000,0000000,"mbitsnbites/openctm"
00002,00000,0000000,"saminathanponnusamy/GoogleCloudPrint---AirPrint-and--Skype-URI"
00002,00000,0000000,"SamMousa/limesurvey-encrypt"
00002,00000,0000000,"jbadeau/bootstrap-vue-components"
00002,00000,0000000,"CocoaMiners/AppSoundEngine"
00002,00000,0000000,"mulis/Chat"
00002,00000,0000000,"vforvoltage/hackerrank"
00002,00000,0000000,"laravelbook/laravel4-powerpack"
00002,00000,0000000,"martintrojer/reasoned-schemer-core.logic"
00002,00000,0000000,"vinco/android-app-campus"
00002,00000,0000000,"Wookai/arduino-rfid"
00002,00000,0000000,"redraiment/clop"
00002,00000,0000000,"jsuder/WindowFairy"
00002,00000,0000000,"hassaanm/stock-trading"
00002,00000,0000000,"alexgdk/Veil-Evasion"
00002,00000,0000000,"stschake/eveMarshal"
00002,00000,0000000,"embear/vim-gnupg"
00002,00000,0000000,"pmarcis/mp-aligner"
00002,00000,0000000,"subho007/AndroidUnusedPermissions"
00002,00000,0000000,"erwincoumans/daVincyCode3D"
00002,00000,0000000,"technomancy/heroku.el"
00002,00000,0000000,"catch22/colibri"
00002,00000,0000000,"redcap3000/GWAN-C-Tools"
00002,00000,0000000,"DiscoverMeteor/DiscoverMeteor_tr"
00002,00000,0000000,"nex3/marmalade"
00002,00000,0000000,"katspaugh/canvas-bucket"
00002,00000,0000000,"kivy-garden/garden.stiffscroll"
00002,00000,0000000,"yckart/BinaryHeap"
00002,00000,0000000,"zhang-ning/RiverJS"
00002,00000,0000000,"yuji0602/vim"
00002,00000,0000000,"wbl/cpgb"
00002,00000,0000000,"kutschkem/SmithHeilmann_fork"
00002,00000,0000000,"kana/vim-gf-user"
00002,00000,0000000,"wuwenbin/simple_cuda_raytraycing_demo"
00002,00000,0000000,"uliss/quneiform"
00002,00000,0000000,"yhyuan/AdventureBuildingaSpriteKitGameUsingSwift"
00002,00000,0000000,"Cuppycake/Mech-and-Magic"
00002,00000,0000000,"myuhe/moccur-edit.el"
00002,00000,0000000,"hawkular/hawkular-metrics-openshift"
00002,00000,0000000,"zzhouj/Android-RollDigitalTextView"
00002,00000,0000000,"MGXu/-"
00002,00000,0000000,"codestation/prxpatch"
00002,00000,0000000,"mjago/unity-mode"
00002,00000,0000000,"interrupt21h/xfinity4free"
00002,00000,0000000,"aboutsecurity/Audit_Host-Baseline"
00002,00000,0000000,"sblundy/ReviewBoard-IntelliJ-Plugin"
00002,00000,0000000,"NicktheGeek/genesis-style-select"
00002,00000,0000000,"thedatarepublic/CartoDBClientDotNET"
00002,00000,0000000,"honkimi/Bootroid"
00002,00000,0000000,"pixshatterer/jQueryMobile-CSS3-Coverflow"
00002,00000,0000000,"digineo/gluon-autoflasher"
00002,00000,0000000,"avrxml/sam0"
00002,00000,0000000,"omgmog/chrome-add-link-to-trello"
00002,00000,0000000,"kevinqooo/scworkplace"
00002,00000,0000000,"mmaumio/tf-user-hub"
00002,00000,0000000,"joshuajebadurai/UnityAnimatorEvents"
00002,00000,0000000,"andyvr/bonfire-categories"
00002,00000,0000000,"FuzzyWuzzie/foundation_images"
00002,00000,0000000,"glassdfir/ZipFileJunk"
00002,00000,0000000,"asifrim/eXtasy"
00002,00000,0000000,"mikelmaron/Cartonama"
00002,00000,0000000,"alibakhshi94/javascript-in-one-pic"
00002,00000,0000000,"blinkreaction/drupal-starter-distro"
00002,00000,0000000,"pigworker/BathTime"
00002,00000,0000000,"yang-wei/hyk"
00002,00000,0000000,"opening2000/redis"
00002,00000,0000000,"h5y1m141/tistudy"
00002,00000,0000000,"seomoz/uri_parser"
00002,00000,0000000,"xyfwn1/-"
00002,00000,0000000,"exosite-garage/cc1111_chronos_uartgw"
00002,00000,0000000,"Frenzie/readablepdf"
00002,00000,0000000,"ericbmerritt/relx"
00002,00000,0000000,"adinael/residencias"
00002,00000,0000000,"cvarrichio/hordr"
00002,00000,0000000,"zimbatm/aerofs-docker"
00002,00000,0000000,"alexanderpa/angular-number-converter"
00002,00000,0000000,"jasonkuhrt/purry"
00002,00000,0000000,"davisp/emonk"
00002,00000,0000000,"rlk/hippo"
00002,00000,0000000,"DamonOehlman/grunt-rigger"
00002,00000,0000000,"jeffsui/appium"
00002,00000,0000000,"felquis/nunca-mais"
00002,00000,0000000,"krvarma/DHT_Pinoccio"
00002,00000,0000000,"Rushmead/OpenBot"
00002,00000,0000000,"KyuyeonHwang/GPURNN"
00002,00000,0000000,"yoship1639/NekomanBlockPuzzle"
00002,00000,0000000,"cdw/TiffCapture"
00002,00000,0000000,"rubeus90/WonderRSS"
00002,00000,0000000,"WXAlbert/ueditor"
00002,00000,0000000,"triangletodd/ruby-escenic-api"
00002,00000,0000000,"diqidoq/nerd"
00002,00000,0000000,"fugina-hackery/lifelines"
00002,00000,0000000,"antonfisher/gitPushNotify"
00002,00000,0000000,"erikringsmuth/elasticsearch-kopf"
00002,00000,0000000,"coruus/openpgp-semantics"
00002,00000,0000000,"gajus/url-regexp"
00002,00000,0000000,"lizeliang/sys_reinforce"
00002,00000,0000000,"henri/SSIDTHP"
00002,00000,0000000,"craigcoles/lastfm-widget"
00002,00000,0000000,"zygmuntz/stardose"
00002,00000,0000000,"anchann/generator-angular"
00002,00000,0000000,"serv-d/test"
00002,00000,0000000,"joemdavis/pvrsdk-pi"
00002,00000,0000000,"whymirror/shoes"
00002,00000,0000000,"dimonji/dimonji_emacs_os"
00002,00000,0000000,"danielmiessler/BugOutBag"
00002,00000,0000000,"mpetyx/django-foaf"
00002,00000,0000000,"zhuowei/HackerTyper"
00002,00000,0000000,"xorg62/tty-pong"
00002,00000,0000000,"peerlibrary/meteor-peerdb-migrations"
00002,00000,0000000,"mhagander/pg_sslstatus"
00002,00000,0000000,"jcraane/melodycomposition_genetic"
00002,00000,0000000,"afandian/go-midi"
00002,00000,0000000,"NigelCleland/ninja_tables"
00002,00000,0000000,"Bing-Du/yummy"
00002,00000,0000000,"ruby-china/rails"
00002,00000,0000000,"mikemccand/segment-trees"
00002,00000,0000000,"fionser/RLWE"
00002,00000,0000000,"teammixture/recents-settings"
00002,00000,0000000,"ben-manes/multiway-pool"
00002,00000,0000000,"wheelcomplex/lsof"
00002,00000,0000000,"lebornjose/coffee"
00002,00000,0000000,"CrystalYouth/SportsStore"
00002,00000,0000000,"mduong15/VEX-version-2014-2015"
00002,00000,0000000,"lex009/neo4j-bundle"
00002,00000,0000000,"dubiousjim/unspoiled"
00002,00000,0000000,"freegeekchicago/townsquare"
00002,00000,0000000,"github-key/http-request"
00002,00000,0000000,"relikd/OGActionChooser"
00002,00000,0000000,"benedfit/sparkicons"
00002,00000,0000000,"shopster/connectSter"
00002,00000,0000000,"akiomik/git-gutter-vim"
00002,00000,0000000,"fgladisch/unity-grid-generator"
00002,00000,0000000,"ryanj/config-multipaas"
00002,00000,0000000,"AICP/device_htc_m9-common"
00002,00000,0000000,"GaloisInc/vrep-quadcopter-plugin"
00002,00000,0000000,"yangshu729/Algorithm-Learning"
00002,00000,0000000,"rajaraodv/ProductsToBoycott"
00002,00000,0000000,"tfausak/class"
00002,00000,0000000,"puromonogatari/D3DHook"
00002,00000,0000000,"amade/php-excel-reader"
00002,00000,0000000,"dgrnbrg/disco"
00002,00000,0000000,"mosaic4cap/mosaic4cap-webapp"
00002,00000,0000000,"aakhedr/ML_logistic_regression"
00002,00000,0000000,"Kajvdh/Cyclical-tapping"
00002,00000,0000000,"johnraff/cb-xfce-netinstall"
00002,00000,0000000,"Questology/Questology"
00002,00000,0000000,"liu738633885/MigrateToGradle"
00002,00000,0000000,"mkurkov/gml"
00002,00000,0000000,"Trinea/AtlasForAndroid"
00002,00000,0000000,"cloudflare/gosession2"
00002,00000,0000000,"keijiro/unity-undulation"
00002,00000,0000000,"yooynas/material-start"
00002,00000,0000000,"seemk/DestructibleBox2D"
00002,00000,0000000,"aitiba/bintra"
00002,00000,0000000,"getmillipede/app-android"
00002,00000,0000000,"cmzy/DroidPlugin"
00002,00000,0000000,"AdleyLiu/bbs"
00002,00000,0000000,"greenantdotcom/phUML"
00002,00000,0000000,"coolstar/iOS-8.3-Preferences-Headers"
00002,00000,0000000,"clearhaus/clearhaus-ruby"
00002,00000,0000000,"Adopt-a-JSR/JSR-353-JSON"
00002,00000,0000000,"chrismeller/pkcs5"
00002,00000,0000000,"jayzeng/botoexamples"
00002,00000,0000000,"charleswdickstein/fetch"
00002,00000,0000000,"quintonwall/Enterprise-Mobile-Patterns"
00002,00000,0000000,"MingoDev/codeigniter_tutorial"
00002,00000,0000000,"erenyagdiran/cfbypass"
00002,00000,0000000,"abourget/astograph"
00002,00000,0000000,"amongiants/sanitize-elements"
00002,00000,0000000,"lonelyplanet/image-resizer"
00002,00000,0000000,"StudyFlow/paredit.vim-cheatsheet"
00002,00000,0000000,"jamiely/PhiladelphiaOfflineMap"
00002,00000,0000000,"mrecachinas/ten-lines"
00002,00000,0000000,"olivaresf/GooglePlusSwift"
00002,00000,0000000,"aggregateknowledge/hll-storage-spec"
00002,00000,0000000,"l3ib/soundexpy"
00002,00000,0000000,"Gregory-Phillips/bootstrap-site-blueprints"
00002,00000,0000000,"orliXdx/PayPal-iOS-SDK"
00002,00000,0000000,"edankwan/zen-painting"
00002,00000,0000000,"tommica/RaphaelJS-FillFit-Fix"
00002,00000,0000000,"pkg/poller"
00002,00000,0000000,"moshensky/coursera"
00002,00000,0000000,"kacengtea/Bitcoin"
00002,00000,0000000,"tutsplus/CoreData-Migrations"
00002,00000,0000000,"chriskempson/textmate-tomorrow-theme"
00002,00000,0000000,"Minecrell/SpongeGradle"
00002,00000,0000000,"luochen1990/select-and-search"
00002,00000,0000000,"ryancox/go-jenkins-setup"
00002,00000,0000000,"Arianagabrielacastro/arianagabrielacastro.github.io"
00002,00000,0000000,"stewones/angular-my-modal"
00002,00000,0000000,"fengzai/google-hosts"
00002,00000,0000000,"creativeaura/cv"
00002,00000,0000000,"carrot/roots-template-react"
00002,00000,0000000,"zpmorgan/gostones-render"
00002,00000,0000000,"speich/remoteFileExplorer"
00002,00000,0000000,"farazdagi/algorithms"
00002,00000,0000000,"keysona/bcloud"
00002,00000,0000000,"sixninetynine/ansible-wrapper"
00002,00000,0000000,"kckrinke/UI-Dialog"
00002,00000,0000000,"SamWhited/contradances"
00002,00000,0000000,"tlatorre-uchicago/neutrino"
00002,00000,0000000,"sc-aug/repotest20150302"
00002,00000,0000000,"zhangspain/game2048"
00002,00000,0000000,"subtleGradient/node-ws-multi-proxy"
00002,00000,0000000,"samzhao/Grammar-Checker"
00002,00000,0000000,"orcprogramming/tatalink"
00002,00000,0000000,"Poleboy10/Unofficial-Fretlight-SDK"
00002,00000,0000000,"huangzongwu/reader"
00002,00000,0000000,"jasonlamkk/OpenUDID.Net"
00002,00000,0000000,"rosscdh/python-slack.com"
00002,00000,0000000,"warmwaffles/Noise"
00002,00000,0000000,"cr1901/65816disasm"
00002,00000,0000000,"justinwoo/fb-immutable-highcharts-demo"
00002,00000,0000000,"jzelner/epibayes"
00002,00000,0000000,"kkirsche/angularjs-inspector"
00002,00000,0000000,"darrennight/Shimmer-android"
00002,00000,0000000,"azproduction/1css"
00002,00000,0000000,"thoughtworkschina/turbo"
00002,00000,0000000,"RahulSDeshpande/fancybuttons"
00002,00000,0000000,"JeffreyWei/awesome-awesomeness"
00002,00000,0000000,"AndrewFarley/PHP-Zabbix-API"
00002,00000,0000000,"riemann/riemann-postgresql"
00002,00000,0000000,"SmoothieTime/SmoothieTimeAndroid"
00002,00000,0000000,"Veraticus/Sandrbox"
00002,00000,0000000,"compute-io/ind2sub"
00002,00000,0000000,"UniversityOfRidiculousMythologies/BullshitANALysing"
00002,00000,0000000,"robsimmons/functioning"
00002,00000,0000000,"henderjm/Graphics"
00002,00000,0000000,"zauberlabs/jquery-tap-and-hold"
00002,00000,0000000,"eivindfjeldstad/typecast"
00002,00000,0000000,"stormwrath/WTF"
00002,00000,0000000,"KeriWarr/MemoryTrain"
00002,00000,0000000,"anmolonruby/GCRC2015"
00002,00000,0000000,"rebolsource/rebol-syntax"
00002,00000,0000000,"zendesk/call_center"
00002,00000,0000000,"mikolalysenko/foreach-combination"
00002,00000,0000000,"abois/django-admin-bootstrapped"
00002,00000,0000000,"jauerb/OEELM"
00002,00000,0000000,"favourhauls/fh"
00002,00000,0000000,"mikeal/electerm"
00002,00000,0000000,"darkoperator/PowerShell-AD-Recon"
00002,00000,0000000,"sumarum1969/Tattoo"
00002,00000,0000000,"KoryNunn/can-scroll"
00002,00000,0000000,"russellhancox/apple-logo-changer"
00002,00000,0000000,"hhatto/gruffy"
00002,00000,0000000,"evothings/cordova-ibeacon"
00002,00000,0000000,"datacratic/gperftools"
00002,00000,0000000,"pcostanz/cookieClickerAutomator"
00002,00000,0000000,"sona-tar/color-theme-molokai"
00002,00000,0000000,"bigbabert/alter-inventory"
00002,00000,0000000,"NiuLab/docker-images"
00002,00000,0000000,"bettiolo/7digital-gracenote-radio"
00002,00000,0000000,"saileshmittal/phonegap-system-notification-plugin"
00002,00000,0000000,"sequencing/isaac_aligner_2"
00002,00000,0000000,"tokorom/TKRGuard"
00002,00000,0000000,"alex-teske/schedule-builder"
00002,00000,0000000,"dariocravero/the-guard.js"
00002,00000,0000000,"devonbarrett/yell-scraper"
00002,00000,0000000,"dirkx/Quadrature-Saleae-Analyser"
00002,00000,0000000,"gerzonic/Circle"
00002,00000,0000000,"yonchu/vimman"
00002,00000,0000000,"osternaudClem/ghost-translate"
00002,00000,0000000,"valerio-vaccaro/AndroidMQTTDemo"
00002,00000,0000000,"bobjflong/happstack-lite-couch-boilerplate"
00002,00000,0000000,"agl/dnssec-tls-tools"
00002,00000,0000000,"zamith/github-nice-guy"
00002,00000,0000000,"koduki/mechanize"
00002,00000,0000000,"dlangille/freshports"
00002,00000,0000000,"kryali/RabbitQR-Android"
00002,00000,0000000,"Kyuden/one-night-vue"
00002,00000,0000000,"markkemper1/RazorEmail"
00002,00000,0000000,"dabroek/dynamic-node-rest-api"
00002,00000,0000000,"ToastShaman/angularjs-nodejs-app"
00002,00000,0000000,"ikraft/django-userswitch"
00002,00000,0000000,"tutsplus/Android-SpellingCheckerFramework"
00002,00000,0000000,"rti7743/Regexp_Assemble_For_PHP"
00002,00000,0000000,"EduardoCarvalho/nltkAnalyzer"
00002,00000,0000000,"scijs/ndarray-gradient"
00002,00000,0000000,"marrok/windowsphone-httpserver"
00002,00000,0000000,"fuzhaohui200/CoolDragAndDrop"
00002,00000,0000000,"shinobicontrols/forms-to-table"
00002,00000,0000000,"satrya/satu"
00002,00000,0000000,"DeepLearningJohnDoe/SBOXDiscovery"
00002,00000,0000000,"eknkc/memcached-lite"
00002,00000,0000000,"codl/autoplay"
00002,00000,0000000,"kizzx2/idonethat"
00002,00000,0000000,"supercollider-quarks/Vowel"
00002,00000,0000000,"yishabeier/we"
00002,00000,0000000,"pydanny/receiptify"
00002,00000,0000000,"kimausloos/ansible-deploy-example"
00002,00000,0000000,"DelightRun/PythonGuideInChinese"
00002,00000,0000000,"adrianlewis/jmeter-graphs"
00002,00000,0000000,"cmdel/Queue-Simulation"
00002,00000,0000000,"sksamuel/camelwatch"
00002,00000,0000000,"oseparovic/MCGExtracted"
00002,00000,0000000,"brodkinca/BCA-CSS-Flag-Sprite"
00002,00000,0000000,"annachen/collage"
00002,00000,0000000,"mhils/spark-wordclock"
00002,00000,0000000,"bluenergy/traffic"
00002,00000,0000000,"ignaciodelespacio/labs"
00002,00000,0000000,"Team-Watermelon/3307"
00002,00000,0000000,"hoffoo/gosh"
00002,00000,0000000,"jaquadro/NNBT"
00002,00000,0000000,"ruisb/LambdaPi"
00002,00000,0000000,"okusnadi/AspNet.Identity3.MongoDB"
00002,00000,0000000,"zudio/ObviouslyCookies.js"
00002,00000,0000000,"shupac800/autotrader"
00002,00000,0000000,"andreea0008/FSDF"
00002,00000,0000000,"l-r/weather.sh"
00002,00000,0000000,"ericmj/IronLua"
00002,00000,0000000,"CptMuseLoL/SZrepo001"
00002,00000,0000000,"wsargent/play20-rememberme"
00002,00000,0000000,"shoaibkamil/stencilprobe"
00002,00000,0000000,"sasarky/ipuhubot-slack"
00002,00000,0000000,"svitalij/libftdi"
00002,00000,0000000,"lazywei/OpenOT"
00002,00000,0000000,"Block8/Chill"
00002,00000,0000000,"herewithme/hyperdb"
00002,00000,0000000,"greenaddress/bips"
00002,00000,0000000,"kishikawakatsumi/downloadable-ios-apps"
00002,00000,0000000,"xperiments/stagewebviewbridge"
00002,00000,0000000,"patilpramod97/laboratory"
00002,00000,0000000,"rasenplanscher/rpTransfer"
00002,00000,0000000,"binhe22/flyer"
00002,00000,0000000,"liushuchun/pythonPractise"
00002,00000,0000000,"djangoERPTeam/django-erp"
00002,00000,0000000,"martinvelez/w32evol"
00002,00000,0000000,"soli/zimbratosthenes"
00002,00000,0000000,"nukr/loopback-react-practice"
00002,00000,0000000,"Ozamriy/--Tribble"
00002,00000,0000000,"chrisschreiner/iLikeChess"
00002,00000,0000000,"ekeeke/genplus-gx"
00002,00000,0000000,"kemonoske/ArcaneMining"
00002,00000,0000000,"novel/lc-tools"
00002,00000,0000000,"EnerNOC/kafka-web-console"
00002,00000,0000000,"flagpoonage/ypscraper"
00002,00000,0000000,"credil/ietf-drafts-sorted"
00002,00000,0000000,"darul75/grunt-css-usage"
00002,00000,0000000,"thatskriptkid/ChromePass"
00002,00000,0000000,"cuber/gfwlist2pac-shell"
00002,00000,0000000,"roymcfarland/php-functions"
00002,00000,0000000,"TomLiu/CrashAnalyser"
00002,00000,0000000,"MuhammadAhsanRehman/android-sms-bubblechat"
00002,00000,0000000,"hron84/drupal-theme-gentoo"
00002,00000,0000000,"zhaoying123/ab"
00002,00000,0000000,"miniJs/miniTip"
00002,00000,0000000,"luisjoo/punto_de_venta"
00002,00000,0000000,"jarus/flask-rst"
00002,00000,0000000,"fhsjaagshs/tikeyfob"
00002,00000,0000000,"hammer/hbase-tornado-demo"
00002,00000,0000000,"stevestreza/AppApp"
00002,00000,0000000,"E1227/SwiftSideslipLikeQQ"
00002,00000,0000000,"chrismattmann/grobid"
00002,00000,0000000,"Reactive-Extensions/StrangeLoop2013"
00002,00000,0000000,"feng003/thinkphp"
00002,00000,0000000,"jDataView/dist"
00002,00000,0000000,"delvr/ForgeGradle"
00002,00000,0000000,"hamilton/Sequence"
00002,00000,0000000,"FallenMoonNetwork/CanaryMod"
00002,00000,0000000,"hinson0/task-board-pcweb"
00002,00000,0000000,"internaut/rccc"
00002,00000,0000000,"JunaYa/ahealthy"
00002,00000,0000000,"berke/jsure"
00002,00000,0000000,"trumant/coreos-memcached-cluster"
00002,00000,0000000,"fpalomo/Magento-deployment"
00002,00000,0000000,"justMaku/blte"
00002,00000,0000000,"Looking-for/nativeDroid2"
00002,00000,0000000,"Naroh091/Android-Object-Serialization-Example"
00002,00000,0000000,"djun100/android-SafeLooper"
00002,00000,0000000,"garex/phpunit"
00002,00000,0000000,"ianhirschfeld/AngleGradientLayer"
00002,00000,0000000,"85325/Reddit-Sauce"
00002,00000,0000000,"AndrewRadev/cucumber-vimscript"
00002,00000,0000000,"saravananvelu/magento"
00002,00000,0000000,"fullstackio/beginner-introduction-to-angularjs"
00002,00000,0000000,"rkrx/php-streams"
00002,00000,0000000,"Enideo/jquery-colors"
00002,00000,0000000,"gtalent/starfish"
00002,00000,0000000,"davydotcom/docraptor-groovy"
00002,00000,0000000,"jbrains/agileee-2010-java-pointOfSale"
00002,00000,0000000,"angvp/django-logical-delete"
00002,00000,0000000,"suraj-bk/nginx"
00002,00000,0000000,"mojombo/jquery"
00002,00000,0000000,"saltwat5r/DRCollectionViewTableLayout-iOS"
00002,00000,0000000,"netyum/yii2-adminlte"
00002,00000,0000000,"Chiujai/magic-of-css"
00002,00000,0000000,"architv/FB-Birthday-Wish-Reply"
00002,00000,0000000,"Rudloff/WebSSH"
00002,00000,0000000,"NANOsoldierEnke/Lush8"
00002,00000,0000000,"TimeIncOSS/s3s3mirror"
00002,00000,0000000,"Cloud4SOA/Cloud4SOA"
00002,00000,0000000,"Nitij/validateJS"
00002,00000,0000000,"n1k0/gameoflife"
00002,00000,0000000,"Habbasch/IR-Receiver"
00002,00000,0000000,"lonely21475/Huaxuan_Shopping"
00002,00000,0000000,"Btpdevis/Primes"
00002,00000,0000000,"bm-robertwhite/bitmessage-powfaster"
00002,00000,0000000,"racerxdl/LVDS-7-to-1-Serializer"
00002,00000,0000000,"werner2101/spicelib"
00002,00000,0000000,"nihilus/ParseBinTree"
00002,00000,0000000,"patrickkidd/pyrtmidi"
00002,00000,0000000,"r7kamura/ruboty-syoboi_calendar"
00002,00000,0000000,"vikram2/RedHat-Centos-Common-Stuffs"
00002,00000,0000000,"gitumarkk/ChemEngThesis"
00002,00000,0000000,"clbhii/clbhii"
00002,00000,0000000,"koto/cors-proxy-browser"
00002,00000,0000000,"luismec90/ticademia_codeigniter"
00002,00000,0000000,"open-source-parsers/json-cpp-lazy"
00002,00000,0000000,"loxodes/pyterbi"
00002,00000,0000000,"murcieta/RecetaDesarrollo"
00002,00000,0000000,"iionly/Elgg_1.8_jpatchwork"
00002,00000,0000000,"rasbt/latex-templates"
00002,00000,0000000,"captn3m0/nullcon2014"
00002,00000,0000000,"FuzzyHobbit/python-obelisk"
00002,00000,0000000,"laurendavissmith/koken-emojis"
00002,00000,0000000,"GoBitcoin/Research"
00002,00000,0000000,"aduqz/stp"
00002,00000,0000000,"cmstead/phcollect"
00002,00000,0000000,"glaslos/honeyheart"
00002,00000,0000000,"jackuhan/phonegap_android_awesomeowhat"
00002,00000,0000000,"badnotes/hazelcast_doc_zh"
00002,00000,0000000,"amberg0330/R03_Project"
00002,00000,0000000,"jaredmpayne/Pong"
00002,00000,0000000,"bhollis/middleman-ngmin"
00002,00000,0000000,"LennyPenny/Sandbox"
00002,00000,0000000,"Rikhart/loopback-slug"
00002,00000,0000000,"LeonardoSalvucci/pilas"
00002,00000,0000000,"aaronnech/monkey.sublime"
00002,00000,0000000,"canton7/sem_version"
00002,00000,0000000,"peterlynch/jEdit-modes"
00002,00000,0000000,"feng3281498/ofengx"
00002,00000,0000000,"tavisrudd/dss_cython_libs"
00002,00000,0000000,"mikel/tmail"
00002,00000,0000000,"osternaudClem/markdown-extra"
00002,00000,0000000,"underdoeg/ofxGamepad"
00002,00000,0000000,"nelsonic/learn-mobile-first"
00002,00000,0000000,"overtone/midi-clj"
00002,00000,0000000,"videogamepreservation/princeofpersia"
00002,00000,0000000,"guugle/blog"
00002,00000,0000000,"michael-kokorin/laravel"
00002,00000,0000000,"breadval/baas.io-cocos2dx-HelloCpp-android"
00002,00000,0000000,"ryanbrainard/richsobjects"
00002,00000,0000000,"blue-shell/kfilebox"
00002,00000,0000000,"cernops/puppet-voms"
00002,00000,0000000,"darwin/hlink"
00002,00000,0000000,"derrickcreamer/BaneOfTheLiving"
00002,00000,0000000,"cedvan/starterkit-hello-world"
00002,00000,0000000,"jixieshi999/awesome-ios-ui"
00002,00000,0000000,"varpa89/DnevnikRuTestApp"
00002,00000,0000000,"ekyfauzi/dotfiles"
00002,00000,0000000,"sjywz/thinkphp"
00002,00000,0000000,"jvz/psgrep"
00002,00000,0000000,"dustinlacewell/nix"
00002,00000,0000000,"w709025817/with"
00002,00000,0000000,"dbr/colourstuff"
00002,00000,0000000,"Insti/beemind.sh"
00002,00000,0000000,"thermogl/SceneKraft"
00002,00000,0000000,"muddydixon/series.js"
00002,00000,0000000,"tarebyte/puppet-selfcontrol"
00002,00000,0000000,"topolik/service-token-authenticator"
00002,00000,0000000,"mdippery/stackim"
00002,00000,0000000,"agubal/PaginateMyTable"
00002,00000,0000000,"RoanFourie/ArchestrA-Tools"
00002,00000,0000000,"mozilla/zamboni-dashboard"
00002,00000,0000000,"deshawnbw/vegasjs-meetup-api-regulars"
00002,00000,0000000,"erikakers/front-end-test"
00002,00000,0000000,"chef-training/chef-adventures"
00002,00000,0000000,"Maidan-hackaton/open-source-in-ukraine"
00002,00000,0000000,"gakhov/NikePlusInterfaceBundle"
00002,00000,0000000,"pushbullet/android-extensions"
00002,00000,0000000,"ibikecph/ibikecph-carto"
00002,00000,0000000,"cwarden/pentaho-puppet"
00002,00000,0000000,"sasknot/mfc-api-class"
00002,00000,0000000,"mikchoke/Data-Toolbox-Repo"
00002,00000,0000000,"BaronHub/HotDegreesView"
00002,00000,0000000,"afollestad/httpclientandroidlib"
00002,00000,0000000,"audreyr/opencomparison"
00002,00000,0000000,"michaelklishin/green_bunny"
00002,00000,0000000,"kevin-keraudren/clahe"
00002,00000,0000000,"davsebamse/node-kinectstream"
00002,00000,0000000,"scalisi/google_drive_backups"
00002,00000,0000000,"AndyLiu008/Notes"
00002,00000,0000000,"ningcheng/qinglvkongjian"
00002,00000,0000000,"billpmurphy/pychan"
00002,00000,0000000,"YoYo-Pete/blink1"
00002,00000,0000000,"henrikbrixandersen/irssi-prowl"
00002,00000,0000000,"esseti/NookTouchExporter"
00002,00000,0000000,"SpencerCDixon/mentor-group-devise-intro"
00002,00000,0000000,"brooks/mechanize-rec.gov"
00002,00000,0000000,"idbrii/vim-endoscope"
00002,00000,0000000,"elgriego/tp2"
00002,00000,0000000,"jhugman/call-me-maybe"
00002,00000,0000000,"cellus-sas/chocolate"
00002,00000,0000000,"shanewfx/shanewfx.github.com"
00002,00000,0000000,"gimsieke/epubcheck-xproc"
00002,00000,0000000,"ckan/ckanext-datastorer"
00002,00000,0000000,"carpedm20/neural-networks-and-deep-learning-ko"
00002,00000,0000000,"zubrandrei/Ballin-Wallhack"
00002,00000,0000000,"chon219/alipay"
00002,00000,0000000,"Temirhanova/tesseract-android-tools-master"
00002,00000,0000000,"kpreid/e-on-cl"
00002,00000,0000000,"jden/dotmap"
00002,00000,0000000,"sbaerlocher/Iluss"
00002,00000,0000000,"r4abigman/pylightwaverf"
00002,00000,0000000,"donaldp24/MultiChat"
00002,00000,0000000,"CakeFuelled/strider"
00002,00000,0000000,"n0nick/earley_bird"
00002,00000,0000000,"xukaiyi/download-bt-by-hash"
00002,00000,0000000,"jamesots/irc_client"
00002,00000,0000000,"briandef/bf16"
00002,00000,0000000,"lovewinner/rtlwifi_new"
00002,00000,0000000,"metalhelix/pipette"
00002,00000,0000000,"bugsense/OpenUDID"
00002,00000,0000000,"nikosft/IB-PRE"
00002,00000,0000000,"simbuerg/polybench"
00002,00000,0000000,"spurious-io/sqs"
00002,00000,0000000,"cubooks/Map-money"
00002,00000,0000000,"VinceHu/ChinaMap"
00002,00000,0000000,"suisho/cssjoin"
00002,00000,0000000,"keithwhor/inherit.js"
00002,00000,0000000,"fclaude/xtrie"
00002,00000,0000000,"HeleneFi/The_Project"
00002,00000,0000000,"frosc/arm-assembler-latex-listings"
00002,00000,0000000,"machuidel/openwrt-sparql"
00002,00000,0000000,"Mantsuria/Juce-and-OSC"
00002,00000,0000000,"jafp/ov5640_video_capture"
00002,00000,0000000,"sgruhier/prototype_graphic"
00002,00000,0000000,"lllllinli/RequireJS_ScrollerBar"
00002,00000,0000000,"tranthanhvu/Swift"
00002,00000,0000000,"CrazyDBA/CentralDB"
00002,00000,0000000,"MalwareLu/YaraGenerator"
00002,00000,0000000,"namouch/Tabslet"
00002,00000,0000000,"bwoester/yii-static-events-component"
00002,00000,0000000,"bboyfeiyu/FlabbyListView"
00002,00000,0000000,"Stratusclear/asana_whmcs_addon"
00002,00000,0000000,"daylerees/laravel-anbu"
00002,00000,0000000,"linusyang/SiriServer"
00002,00000,0000000,"JoaoGFarias/algorithms"
00002,00000,0000000,"thentenaar/psx-gs"
00002,00000,0000000,"CyberPoint/ntru-haskell"
00002,00000,0000000,"alexweissman/bootstrapradio"
00002,00000,0000000,"zouxycn/ueditor"
00002,00000,0000000,"PopulationGenetics/pyucsc"
00002,00000,0000000,"nasser/dtplayfulsystems"
00002,00000,0000000,"jxaudev/Mycat-Server"
00002,00000,0000000,"vinco/iso-countries"
00002,00000,0000000,"apparentlymart/sf-ped-map"
00002,00000,0000000,"ErrolSayre/phpodata"
00002,00000,0000000,"noeleo/raft"
00002,00000,0000000,"vistaprint/PointyJS"
00002,00000,0000000,"pbosetti/Charter"
00002,00000,0000000,"F36/content"
00002,00000,0000000,"adamdrake/twitterstreamtemplate"
00002,00000,0000000,"nathanford/google-fonts-dynamic-subsetter"
00002,00000,0000000,"welldan97/xetex-eskdx"
00002,00000,0000000,"felipexw/felipexw.github.io"
00002,00000,0000000,"vascorsd/evince-signatures"
00002,00000,0000000,"jcollard/Playground"
00002,00000,0000000,"jliesch/Icarra"
00002,00000,0000000,"maslan-cheyusoh/sales"
00002,00000,0000000,"moonshades/moonshadesgame"
00002,00000,0000000,"wengyulin/perfect-scrollbar"
00002,00000,0000000,"wiplug/CaloriePedometer"
00002,00000,0000000,"mateuszkosmider/todo-grape-api"
00002,00000,0000000,"egorFiNE/node-redis-event"
00002,00000,0000000,"jasondavies/smoothsort.js"
00002,00000,0000000,"filipbec/fb-photos-of"
00002,00000,0000000,"NightHawkHat/Ginger-bread-robot"
00002,00000,0000000,"mono/old-code"
00002,00000,0000000,"CreativeNotice/Kraken-CF"
00002,00000,0000000,"rack-roles/base"
00002,00000,0000000,"PetrTos/altium-designer-addons"
00002,00000,0000000,"meteorclub/crater"
00002,00000,0000000,"tresDaniel/vaipraonde"
00002,00000,0000000,"dalingge/QuickNews"
00002,00000,0000000,"tos-kamiya/Keypressiv"
00002,00000,0000000,"miada48/laravel-roles"
00002,00000,0000000,"hoshi-takanori/express-sample"
00002,00000,0000000,"rjeczalik/ciexec"
00002,00000,0000000,"cioc/textrank"
00002,00000,0000000,"SundeepK/AsyncBackgroundViewPager"
00002,00000,0000000,"2splat/arduino-TLC5926"
00002,00000,0000000,"hgomersall/PicoPy"
00002,00000,0000000,"edheadthedead/fingaholic.github.com"
00002,00000,0000000,"guitarvydas/collate-fbp-classic"
00002,00000,0000000,"spbooks/CLOUD1"
00002,00000,0000000,"tiandiwo9/Lugine-iOS"
00002,00000,0000000,"Iristyle/EqualityComparer"
00002,00000,0000000,"ZhanruiLiang/jinyong-legend-py"
00002,00000,0000000,"1143stuff/saliency_computation"
